lookback_period,minimum_rsi,minimum_volume_ratio,stop_atr_multiplier,target_atr_multiplier,symbol,trades,win_rate,net_pnl,profit_factor
8,50.0,1.0,1.0,2.0,RELIANCE,77,31.17,-2261.54,0.3029
8,50.0,1.0,1.0,2.0,TCS,49,26.53,-1681.51,0.2016
8,50.0,1.0,1.0,2.0,INFY,47,25.53,-1738.61,0.2727
8,50.0,1.0,1.0,2.0,HDFCBANK,62,22.58,-2366.93,0.1694
8,50.0,1.0,1.0,2.0,ICICIBANK,48,16.67,-2159.48,0.1276
8,50.0,1.0,1.0,2.0,SBIN,75,26.67,-2876.24,0.2002
8,50.0,1.0,1.0,2.0,LT,61,34.43,-1465.19,0.399
8,50.0,1.0,1.0,2.0,AXISBANK,57,38.6,-1223.33,0.5033
8,50.0,1.0,1.0,2.0,ITC,80,18.75,-3341.36,0.1446
8,50.0,1.0,1.0,2.0,BHARTIARTL,53,18.87,-2467.17,0.1328
8,50.0,1.0,1.0,2.5,RELIANCE,77,29.87,-1951.54,0.4127
8,50.0,1.0,1.0,2.5,TCS,49,24.49,-1618.44,0.2552
8,50.0,1.0,1.0,2.5,INFY,47,25.53,-1492.03,0.3775
8,50.0,1.0,1.0,2.5,HDFCBANK,62,20.97,-2265.06,0.2224
8,50.0,1.0,1.0,2.5,ICICIBANK,48,14.58,-2161.4,0.15
8,50.0,1.0,1.0,2.5,SBIN,75,25.33,-2647.79,0.2759
8,50.0,1.0,1.0,2.5,LT,61,32.79,-1201.97,0.5202
8,50.0,1.0,1.0,2.5,AXISBANK,57,36.84,-978.67,0.6141
8,50.0,1.0,1.0,2.5,ITC,80,16.25,-3293.36,0.1819
8,50.0,1.0,1.0,2.5,BHARTIARTL,53,16.98,-2409.68,0.1707
8,50.0,1.0,1.0,3.0,RELIANCE,77,25.97,-1905.31,0.4558
8,50.0,1.0,1.0,3.0,TCS,49,22.45,-1618.85,0.2785
8,50.0,1.0,1.0,3.0,INFY,47,19.15,-1747.09,0.317
8,50.0,1.0,1.0,3.0,HDFCBANK,62,17.74,-2280.71,0.2372
8,50.0,1.0,1.0,3.0,ICICIBANK,48,14.58,-2125.29,0.1656
8,50.0,1.0,1.0,3.0,SBIN,75,20.0,-2965.61,0.243
8,50.0,1.0,1.0,3.0,LT,61,29.51,-1231.46,0.5323
8,50.0,1.0,1.0,3.0,AXISBANK,57,31.58,-991.08,0.632
8,50.0,1.0,1.0,3.0,ITC,80,13.75,-3396.26,0.1778
8,50.0,1.0,1.0,3.0,BHARTIARTL,53,15.09,-2381.76,0.1915
8,50.0,1.0,1.2,2.0,RELIANCE,77,33.77,-2003.72,0.4198
8,50.0,1.0,1.2,2.0,TCS,49,24.49,-1880.63,0.2166
8,50.0,1.0,1.2,2.0,INFY,47,25.53,-1805.8,0.3211
8,50.0,1.0,1.2,2.0,HDFCBANK,62,27.42,-2146.66,0.2711
8,50.0,1.0,1.2,2.0,ICICIBANK,48,16.67,-2376.55,0.1363
8,50.0,1.0,1.2,2.0,SBIN,75,29.33,-2619.54,0.3104
8,50.0,1.0,1.2,2.0,LT,61,37.7,-1257.03,0.5155
8,50.0,1.0,1.2,2.0,AXISBANK,57,40.35,-1089.58,0.5911
8,50.0,1.0,1.2,2.0,ITC,80,21.25,-3359.31,0.1953
8,50.0,1.0,1.2,2.0,BHARTIARTL,53,24.53,-2199.52,0.2354
8,50.0,1.0,1.2,2.5,RELIANCE,77,29.87,-1892.34,0.4822
8,50.0,1.0,1.2,2.5,TCS,49,22.45,-1855.24,0.2519
8,50.0,1.0,1.2,2.5,INFY,47,19.15,-1998.48,0.2887
8,50.0,1.0,1.2,2.5,HDFCBANK,62,22.58,-2154.27,0.3022
8,50.0,1.0,1.2,2.5,ICICIBANK,48,16.67,-2301.5,0.1636
8,50.0,1.0,1.2,2.5,SBIN,75,22.67,-2875.84,0.2904
8,50.0,1.0,1.2,2.5,LT,61,32.79,-1331.85,0.5263
8,50.0,1.0,1.2,2.5,AXISBANK,57,33.33,-1172.68,0.5975
8,50.0,1.0,1.2,2.5,ITC,80,18.75,-3368.76,0.2149
8,50.0,1.0,1.2,2.5,BHARTIARTL,53,20.75,-2167.52,0.2605
8,50.0,1.0,1.2,3.0,RELIANCE,77,27.27,-1649.26,0.5577
8,50.0,1.0,1.2,3.0,TCS,49,22.45,-1718.24,0.3072
8,50.0,1.0,1.2,3.0,INFY,47,19.15,-1782.66,0.3655
8,50.0,1.0,1.2,3.0,HDFCBANK,62,22.58,-1906.23,0.3852
8,50.0,1.0,1.2,3.0,ICICIBANK,48,14.58,-2381.83,0.1584
8,50.0,1.0,1.2,3.0,SBIN,75,17.33,-3176.8,0.2542
8,50.0,1.0,1.2,3.0,LT,61,29.51,-1277.22,0.5618
8,50.0,1.0,1.2,3.0,AXISBANK,57,28.07,-1388.02,0.5446
8,50.0,1.0,1.2,3.0,ITC,80,17.5,-3456.11,0.2062
8,50.0,1.0,1.2,3.0,BHARTIARTL,53,20.75,-2013.3,0.3148
8,50.0,1.5,1.0,2.0,RELIANCE,42,30.95,-1180.24,0.344
8,50.0,1.5,1.0,2.0,TCS,34,32.35,-988.83,0.2584
8,50.0,1.5,1.0,2.0,INFY,24,33.33,-703.42,0.3537
8,50.0,1.5,1.0,2.0,HDFCBANK,35,22.86,-1296.29,0.1894
8,50.0,1.5,1.0,2.0,ICICIBANK,30,13.33,-1391.98,0.0862
8,50.0,1.5,1.0,2.0,SBIN,53,22.64,-2382.86,0.1256
8,50.0,1.5,1.0,2.0,LT,36,27.78,-1127.8,0.3033
8,50.0,1.5,1.0,2.0,AXISBANK,30,46.67,-277.09,0.7508
8,50.0,1.5,1.0,2.0,ITC,62,11.29,-3003.47,0.089
8,50.0,1.5,1.0,2.0,BHARTIARTL,27,18.52,-1149.86,0.1574
8,50.0,1.5,1.0,2.5,RELIANCE,42,28.57,-1004.89,0.4572
8,50.0,1.5,1.0,2.5,TCS,34,29.41,-959.65,0.3147
8,50.0,1.5,1.0,2.5,INFY,24,29.17,-706.22,0.393
8,50.0,1.5,1.0,2.5,HDFCBANK,35,20.0,-1284.09,0.2275
8,50.0,1.5,1.0,2.5,ICICIBANK,30,13.33,-1329.63,0.1271
8,50.0,1.5,1.0,2.5,SBIN,53,22.64,-2221.3,0.1867
8,50.0,1.5,1.0,2.5,LT,36,22.22,-1183.72,0.3228
8,50.0,1.5,1.0,2.5,AXISBANK,30,43.33,-189.62,0.8394
8,50.0,1.5,1.0,2.5,ITC,62,11.29,-2879.93,0.1274
8,50.0,1.5,1.0,2.5,BHARTIARTL,27,14.81,-1169.64,0.1793
8,50.0,1.5,1.0,3.0,RELIANCE,42,28.57,-768.11,0.5862
8,50.0,1.5,1.0,3.0,TCS,34,29.41,-821.25,0.4135
8,50.0,1.5,1.0,3.0,INFY,24,20.83,-861.56,0.3079
8,50.0,1.5,1.0,3.0,HDFCBANK,35,17.14,-1327.32,0.2336
8,50.0,1.5,1.0,3.0,ICICIBANK,30,13.33,-1267.27,0.1681
8,50.0,1.5,1.0,3.0,SBIN,53,20.75,-2147.46,0.2289
8,50.0,1.5,1.0,3.0,LT,36,22.22,-1146.07,0.3443
8,50.0,1.5,1.0,3.0,AXISBANK,30,40.0,-70.68,0.9415
8,50.0,1.5,1.0,3.0,ITC,62,6.45,-3087.26,0.0955
8,50.0,1.5,1.0,3.0,BHARTIARTL,27,14.81,-1134.01,0.2042
8,50.0,1.5,1.2,2.0,RELIANCE,42,30.95,-1126.42,0.429
8,50.0,1.5,1.2,2.0,TCS,34,29.41,-1134.47,0.2669
8,50.0,1.5,1.2,2.0,INFY,24,33.33,-700.08,0.4215
8,50.0,1.5,1.2,2.0,HDFCBANK,35,25.71,-1262.77,0.258
8,50.0,1.5,1.2,2.0,ICICIBANK,30,16.67,-1417.62,0.1234
8,50.0,1.5,1.2,2.0,SBIN,53,28.3,-2129.49,0.2387
8,50.0,1.5,1.2,2.0,LT,36,27.78,-1247.91,0.3188
8,50.0,1.5,1.2,2.0,AXISBANK,30,46.67,-234.81,0.8103
8,50.0,1.5,1.2,2.0,ITC,62,16.13,-2968.12,0.1387
8,50.0,1.5,1.2,2.0,BHARTIARTL,27,22.22,-1072.47,0.2483
8,50.0,1.5,1.2,2.5,RELIANCE,42,30.95,-822.48,0.5842
8,50.0,1.5,1.2,2.5,TCS,34,29.41,-968.39,0.3742
8,50.0,1.5,1.2,2.5,INFY,24,20.83,-1001.56,0.2767
8,50.0,1.5,1.2,2.5,HDFCBANK,35,22.86,-1233.88,0.3038
8,50.0,1.5,1.2,2.5,ICICIBANK,30,16.67,-1330.5,0.1773
8,50.0,1.5,1.2,2.5,SBIN,53,26.42,-1951.28,0.3166
8,50.0,1.5,1.2,2.5,LT,36,27.78,-1152.38,0.371
8,50.0,1.5,1.2,2.5,AXISBANK,30,40.0,-204.38,0.8476
8,50.0,1.5,1.2,2.5,ITC,62,11.29,-3116.91,0.1266
8,50.0,1.5,1.2,2.5,BHARTIARTL,27,22.22,-978.48,0.3142
8,50.0,1.5,1.2,3.0,RELIANCE,42,30.95,-518.7,0.7385
8,50.0,1.5,1.2,3.0,TCS,34,29.41,-846.17,0.4532
8,50.0,1.5,1.2,3.0,INFY,24,20.83,-894.91,0.3538
8,50.0,1.5,1.2,3.0,HDFCBANK,35,20.0,-1245.93,0.3234
8,50.0,1.5,1.2,3.0,ICICIBANK,30,13.33,-1379.01,0.1796
8,50.0,1.5,1.2,3.0,SBIN,53,20.75,-2215.11,0.2637
8,50.0,1.5,1.2,3.0,LT,36,22.22,-1313.95,0.321
8,50.0,1.5,1.2,3.0,AXISBANK,30,33.33,-304.75,0.781
8,50.0,1.5,1.2,3.0,ITC,62,9.68,-3198.25,0.1209
8,50.0,1.5,1.2,3.0,BHARTIARTL,27,22.22,-867.89,0.3917
8,55.0,1.0,1.0,2.0,RELIANCE,77,31.17,-2261.54,0.3029
8,55.0,1.0,1.0,2.0,TCS,49,26.53,-1681.51,0.2016
8,55.0,1.0,1.0,2.0,INFY,47,23.4,-1866.07,0.242
8,55.0,1.0,1.0,2.0,HDFCBANK,62,22.58,-2366.93,0.1694
8,55.0,1.0,1.0,2.0,ICICIBANK,48,16.67,-2159.48,0.1276
8,55.0,1.0,1.0,2.0,SBIN,75,26.67,-2876.24,0.2002
8,55.0,1.0,1.0,2.0,LT,61,32.79,-1623.95,0.3533
8,55.0,1.0,1.0,2.0,AXISBANK,56,37.5,-1341.56,0.4533
8,55.0,1.0,1.0,2.0,ITC,80,18.75,-3342.42,0.1446
8,55.0,1.0,1.0,2.0,BHARTIARTL,52,19.23,-2375.42,0.1372
8,55.0,1.0,1.0,2.5,RELIANCE,77,29.87,-1951.54,0.4127
8,55.0,1.0,1.0,2.5,TCS,49,24.49,-1618.44,0.2552
8,55.0,1.0,1.0,2.5,INFY,47,23.4,-1635.07,0.3358
8,55.0,1.0,1.0,2.5,HDFCBANK,62,20.97,-2265.06,0.2224
8,55.0,1.0,1.0,2.5,ICICIBANK,48,14.58,-2161.4,0.15
8,55.0,1.0,1.0,2.5,SBIN,75,25.33,-2647.79,0.2759
8,55.0,1.0,1.0,2.5,LT,61,31.15,-1403.53,0.4586
8,55.0,1.0,1.0,2.5,AXISBANK,56,35.71,-1049.69,0.5861
8,55.0,1.0,1.0,2.5,ITC,80,16.25,-3294.42,0.1819
8,55.0,1.0,1.0,2.5,BHARTIARTL,52,17.31,-2317.94,0.1762
8,55.0,1.0,1.0,3.0,RELIANCE,77,25.97,-1905.31,0.4558
8,55.0,1.0,1.0,3.0,TCS,49,22.45,-1618.85,0.2785
8,55.0,1.0,1.0,3.0,INFY,47,19.15,-1813.3,0.309
8,55.0,1.0,1.0,3.0,HDFCBANK,62,17.74,-2280.71,0.2372
8,55.0,1.0,1.0,3.0,ICICIBANK,48,14.58,-2125.29,0.1656
8,55.0,1.0,1.0,3.0,SBIN,75,20.0,-2965.61,0.243
8,55.0,1.0,1.0,3.0,LT,61,27.87,-1327.09,0.5096
8,55.0,1.0,1.0,3.0,AXISBANK,56,30.36,-1062.1,0.6057
8,55.0,1.0,1.0,3.0,ITC,80,13.75,-3397.32,0.1777
8,55.0,1.0,1.0,3.0,BHARTIARTL,52,15.38,-2290.01,0.1977
8,55.0,1.0,1.2,2.0,RELIANCE,77,33.77,-2003.72,0.4198
8,55.0,1.0,1.2,2.0,TCS,49,24.49,-1880.63,0.2166
8,55.0,1.0,1.2,2.0,INFY,47,23.4,-1958.73,0.2849
8,55.0,1.0,1.2,2.0,HDFCBANK,62,27.42,-2146.66,0.2711
8,55.0,1.0,1.2,2.0,ICICIBANK,48,16.67,-2376.55,0.1363
8,55.0,1.0,1.2,2.0,SBIN,75,29.33,-2619.54,0.3104
8,55.0,1.0,1.2,2.0,LT,61,34.43,-1527.71,0.4425
8,55.0,1.0,1.2,2.0,AXISBANK,56,39.29,-1164.53,0.5629
8,55.0,1.0,1.2,2.0,ITC,80,21.25,-3360.58,0.1953
8,55.0,1.0,1.2,2.0,BHARTIARTL,52,23.08,-2251.77,0.2122
8,55.0,1.0,1.2,2.5,RELIANCE,77,29.87,-1892.34,0.4822
8,55.0,1.0,1.2,2.5,TCS,49,22.45,-1855.24,0.2519
8,55.0,1.0,1.2,2.5,INFY,47,19.15,-2072.85,0.2812
8,55.0,1.0,1.2,2.5,HDFCBANK,62,22.58,-2154.27,0.3022
8,55.0,1.0,1.2,2.5,ICICIBANK,48,16.67,-2301.5,0.1636
8,55.0,1.0,1.2,2.5,SBIN,75,22.67,-2875.84,0.2904
8,55.0,1.0,1.2,2.5,LT,61,29.51,-1511.01,0.4862
8,55.0,1.0,1.2,2.5,AXISBANK,56,32.14,-1238.93,0.574
8,55.0,1.0,1.2,2.5,ITC,80,18.75,-3370.03,0.2148
8,55.0,1.0,1.2,2.5,BHARTIARTL,52,21.15,-2135.46,0.2633
8,55.0,1.0,1.2,3.0,RELIANCE,77,27.27,-1649.26,0.5577
8,55.0,1.0,1.2,3.0,TCS,49,22.45,-1718.24,0.3072
8,55.0,1.0,1.2,3.0,INFY,47,19.15,-1857.04,0.3561
8,55.0,1.0,1.2,3.0,HDFCBANK,62,22.58,-1906.23,0.3852
8,55.0,1.0,1.2,3.0,ICICIBANK,48,14.58,-2381.83,0.1584
8,55.0,1.0,1.2,3.0,SBIN,75,17.33,-3176.8,0.2542
8,55.0,1.0,1.2,3.0,LT,61,26.23,-1482.97,0.5154
8,55.0,1.0,1.2,3.0,AXISBANK,56,26.79,-1454.28,0.5221
8,55.0,1.0,1.2,3.0,ITC,80,17.5,-3457.38,0.2061
8,55.0,1.0,1.2,3.0,BHARTIARTL,52,21.15,-1981.24,0.3183
8,55.0,1.5,1.0,2.0,RELIANCE,42,30.95,-1180.24,0.344
8,55.0,1.5,1.0,2.0,TCS,34,32.35,-988.83,0.2584
8,55.0,1.5,1.0,2.0,INFY,24,29.17,-832.8,0.283
8,55.0,1.5,1.0,2.0,HDFCBANK,35,22.86,-1296.29,0.1894
8,55.0,1.5,1.0,2.0,ICICIBANK,30,13.33,-1391.98,0.0862
8,55.0,1.5,1.0,2.0,SBIN,53,22.64,-2382.86,0.1256
8,55.0,1.5,1.0,2.0,LT,35,25.71,-1256.65,0.2439
8,55.0,1.5,1.0,2.0,AXISBANK,29,44.83,-403.24,0.6374
8,55.0,1.5,1.0,2.0,ITC,61,11.48,-2927.09,0.0911
8,55.0,1.5,1.0,2.0,BHARTIARTL,27,18.52,-1149.86,0.1574
8,55.0,1.5,1.0,2.5,RELIANCE,42,28.57,-1004.89,0.4572
8,55.0,1.5,1.0,2.5,TCS,34,29.41,-959.65,0.3147
8,55.0,1.5,1.0,2.5,INFY,24,25.0,-857.25,0.3067
8,55.0,1.5,1.0,2.5,HDFCBANK,35,20.0,-1284.09,0.2275
8,55.0,1.5,1.0,2.5,ICICIBANK,30,13.33,-1329.63,0.1271
8,55.0,1.5,1.0,2.5,SBIN,53,22.64,-2221.3,0.1867
8,55.0,1.5,1.0,2.5,LT,35,20.0,-1341.11,0.2512
8,55.0,1.5,1.0,2.5,AXISBANK,29,41.38,-260.64,0.7793
8,55.0,1.5,1.0,2.5,ITC,61,11.48,-2802.29,0.1304
8,55.0,1.5,1.0,2.5,BHARTIARTL,27,14.81,-1169.64,0.1793
8,55.0,1.5,1.0,3.0,RELIANCE,42,28.57,-768.11,0.5862
8,55.0,1.5,1.0,3.0,TCS,34,29.41,-821.25,0.4135
8,55.0,1.5,1.0,3.0,INFY,24,20.83,-929.7,0.2919
8,55.0,1.5,1.0,3.0,HDFCBANK,35,17.14,-1327.32,0.2336
8,55.0,1.5,1.0,3.0,ICICIBANK,30,13.33,-1267.27,0.1681
8,55.0,1.5,1.0,3.0,SBIN,53,20.75,-2147.46,0.2289
8,55.0,1.5,1.0,3.0,LT,35,20.0,-1211.79,0.3234
8,55.0,1.5,1.0,3.0,AXISBANK,29,37.93,-141.7,0.8826
8,55.0,1.5,1.0,3.0,ITC,61,6.56,-3010.63,0.0977
8,55.0,1.5,1.0,3.0,BHARTIARTL,27,14.81,-1134.01,0.2042
8,55.0,1.5,1.2,2.0,RELIANCE,42,30.95,-1126.42,0.429
8,55.0,1.5,1.2,2.0,TCS,34,29.41,-1134.47,0.2669
8,55.0,1.5,1.2,2.0,INFY,24,29.17,-855.29,0.3379
8,55.0,1.5,1.2,2.0,HDFCBANK,35,25.71,-1262.77,0.258
8,55.0,1.5,1.2,2.0,ICICIBANK,30,16.67,-1417.62,0.1234
8,55.0,1.5,1.2,2.0,SBIN,53,28.3,-2129.49,0.2387
8,55.0,1.5,1.2,2.0,LT,35,22.86,-1470.67,0.2378
8,55.0,1.5,1.2,2.0,AXISBANK,29,44.83,-305.83,0.7529
8,55.0,1.5,1.2,2.0,ITC,61,16.39,-2882.25,0.1422
8,55.0,1.5,1.2,2.0,BHARTIARTL,27,22.22,-1072.47,0.2483
8,55.0,1.5,1.2,2.5,RELIANCE,42,30.95,-822.48,0.5842
8,55.0,1.5,1.2,2.5,TCS,34,29.41,-968.39,0.3742
8,55.0,1.5,1.2,2.5,INFY,24,20.83,-1078.22,0.2622
8,55.0,1.5,1.2,2.5,HDFCBANK,35,22.86,-1233.88,0.3038
8,55.0,1.5,1.2,2.5,ICICIBANK,30,16.67,-1330.5,0.1773
8,55.0,1.5,1.2,2.5,SBIN,53,26.42,-1951.28,0.3166
8,55.0,1.5,1.2,2.5,LT,35,22.86,-1299.69,0.3264
8,55.0,1.5,1.2,2.5,AXISBANK,29,37.93,-271.37,0.797
8,55.0,1.5,1.2,2.5,ITC,61,11.48,-3030.47,0.1299
8,55.0,1.5,1.2,2.5,BHARTIARTL,27,22.22,-978.48,0.3142
8,55.0,1.5,1.2,3.0,RELIANCE,42,30.95,-518.7,0.7385
8,55.0,1.5,1.2,3.0,TCS,34,29.41,-846.17,0.4532
8,55.0,1.5,1.2,3.0,INFY,24,20.83,-971.57,0.3352
8,55.0,1.5,1.2,3.0,HDFCBANK,35,20.0,-1245.93,0.3234
8,55.0,1.5,1.2,3.0,ICICIBANK,30,13.33,-1379.01,0.1796
8,55.0,1.5,1.2,3.0,SBIN,53,20.75,-2215.11,0.2637
8,55.0,1.5,1.2,3.0,LT,35,17.14,-1471.77,0.276
8,55.0,1.5,1.2,3.0,AXISBANK,29,31.03,-375.76,0.7299
8,55.0,1.5,1.2,3.0,ITC,61,9.84,-3111.24,0.1239
8,55.0,1.5,1.2,3.0,BHARTIARTL,27,22.22,-867.89,0.3917
8,60.0,1.0,1.0,2.0,RELIANCE,71,32.39,-2001.77,0.3194
8,60.0,1.0,1.0,2.0,TCS,48,25.0,-1699.09,0.1916
8,60.0,1.0,1.0,2.0,INFY,40,27.5,-1403.04,0.2965
8,60.0,1.0,1.0,2.0,HDFCBANK,55,20.0,-2261.21,0.138
8,60.0,1.0,1.0,2.0,ICICIBANK,43,18.6,-1842.75,0.1464
8,60.0,1.0,1.0,2.0,SBIN,72,26.39,-2726.26,0.2053
8,60.0,1.0,1.0,2.0,LT,54,35.19,-1308.97,0.3904
8,60.0,1.0,1.0,2.0,AXISBANK,52,38.46,-1163.2,0.483
8,60.0,1.0,1.0,2.0,ITC,78,17.95,-3336.12,0.1367
8,60.0,1.0,1.0,2.0,BHARTIARTL,50,20.0,-2236.78,0.1445
8,60.0,1.0,1.0,2.5,RELIANCE,71,30.99,-1695.02,0.4366
8,60.0,1.0,1.0,2.5,TCS,48,22.92,-1648.32,0.2399
8,60.0,1.0,1.0,2.5,INFY,40,25.0,-1336.3,0.3556
8,60.0,1.0,1.0,2.5,HDFCBANK,55,18.18,-2211.76,0.1767
8,60.0,1.0,1.0,2.5,ICICIBANK,43,16.28,-1848.65,0.1711
8,60.0,1.0,1.0,2.5,SBIN,72,25.0,-2508.37,0.2816
8,60.0,1.0,1.0,2.5,LT,54,33.33,-1093.71,0.506
8,60.0,1.0,1.0,2.5,AXISBANK,52,36.54,-875.43,0.6224
8,60.0,1.0,1.0,2.5,ITC,78,15.38,-3305.28,0.1704
8,60.0,1.0,1.0,2.5,BHARTIARTL,50,18.0,-2179.3,0.1854
8,60.0,1.0,1.0,3.0,RELIANCE,71,26.76,-1665.7,0.4774
8,60.0,1.0,1.0,3.0,TCS,48,20.83,-1661.04,0.2582
8,60.0,1.0,1.0,3.0,INFY,40,20.0,-1538.29,0.3121
8,60.0,1.0,1.0,3.0,HDFCBANK,55,14.55,-2276.13,0.1762
8,60.0,1.0,1.0,3.0,ICICIBANK,43,16.28,-1808.56,0.1891
8,60.0,1.0,1.0,3.0,SBIN,72,20.83,-2747.96,0.2573
8,60.0,1.0,1.0,3.0,LT,54,29.63,-1050.96,0.5513
8,60.0,1.0,1.0,3.0,AXISBANK,52,30.77,-902.26,0.6356
8,60.0,1.0,1.0,3.0,ITC,78,12.82,-3423.41,0.1625
8,60.0,1.0,1.0,3.0,BHARTIARTL,50,16.0,-2151.37,0.2078
8,60.0,1.0,1.2,2.0,RELIANCE,71,35.21,-1727.45,0.4457
8,60.0,1.0,1.2,2.0,TCS,48,22.92,-1906.92,0.2039
8,60.0,1.0,1.2,2.0,INFY,40,27.5,-1444.36,0.3493
8,60.0,1.0,1.2,2.0,HDFCBANK,55,27.27,-1941.6,0.2608
8,60.0,1.0,1.2,2.0,ICICIBANK,43,18.6,-2029.41,0.1565
8,60.0,1.0,1.2,2.0,SBIN,72,27.78,-2549.15,0.2959
8,60.0,1.0,1.2,2.0,LT,54,37.04,-1172.14,0.4948
8,60.0,1.0,1.2,2.0,AXISBANK,52,42.31,-845.56,0.641
8,60.0,1.0,1.2,2.0,ITC,78,21.79,-3244.83,0.2009
8,60.0,1.0,1.2,2.0,BHARTIARTL,50,24.0,-2104.49,0.2238
8,60.0,1.0,1.2,2.5,RELIANCE,71,32.39,-1485.33,0.5413
8,60.0,1.0,1.2,2.5,TCS,48,20.83,-1896.3,0.2337
8,60.0,1.0,1.2,2.5,INFY,40,20.0,-1750.61,0.285
8,60.0,1.0,1.2,2.5,HDFCBANK,55,21.82,-1995.55,0.2802
8,60.0,1.0,1.2,2.5,ICICIBANK,43,18.6,-1953.47,0.188
8,60.0,1.0,1.2,2.5,SBIN,72,22.22,-2755.51,0.2786
8,60.0,1.0,1.2,2.5,LT,54,31.48,-1178.74,0.5323
8,60.0,1.0,1.2,2.5,AXISBANK,52,34.62,-927.13,0.644
8,60.0,1.0,1.2,2.5,ITC,78,19.23,-3254.15,0.2209
8,60.0,1.0,1.2,2.5,BHARTIARTL,50,22.0,-1993.84,0.2769
8,60.0,1.0,1.2,3.0,RELIANCE,71,29.58,-1267.27,0.618
8,60.0,1.0,1.2,3.0,TCS,48,20.83,-1730.21,0.3008
8,60.0,1.0,1.2,3.0,INFY,40,20.0,-1567.79,0.3609
8,60.0,1.0,1.2,3.0,HDFCBANK,55,21.82,-1780.86,0.3584
8,60.0,1.0,1.2,3.0,ICICIBANK,43,16.28,-2037.28,0.1814
8,60.0,1.0,1.2,3.0,SBIN,72,16.67,-2981.35,0.2605
8,60.0,1.0,1.2,3.0,LT,54,27.78,-1174.02,0.5553
8,60.0,1.0,1.2,3.0,AXISBANK,52,28.85,-1145.71,0.5824
8,60.0,1.0,1.2,3.0,ITC,78,17.95,-3352.94,0.2095
8,60.0,1.0,1.2,3.0,BHARTIARTL,50,22.0,-1832.36,0.3354
8,60.0,1.5,1.0,2.0,RELIANCE,38,31.58,-1029.87,0.3584
8,60.0,1.5,1.0,2.0,TCS,34,29.41,-1061.76,0.2331
8,60.0,1.5,1.0,2.0,INFY,21,33.33,-627.66,0.3437
8,60.0,1.5,1.0,2.0,HDFCBANK,31,22.58,-1156.53,0.1897
8,60.0,1.5,1.0,2.0,ICICIBANK,27,14.81,-1227.81,0.0966
8,60.0,1.5,1.0,2.0,SBIN,49,22.45,-2150.51,0.1328
8,60.0,1.5,1.0,2.0,LT,32,28.12,-1037.46,0.2809
8,60.0,1.5,1.0,2.0,AXISBANK,26,46.15,-280.06,0.7084
8,60.0,1.5,1.0,2.0,ITC,59,11.86,-2821.65,0.0942
8,60.0,1.5,1.0,2.0,BHARTIARTL,26,19.23,-1073.89,0.1666
8,60.0,1.5,1.0,2.5,RELIANCE,38,28.95,-872.75,0.4735
8,60.0,1.5,1.0,2.5,TCS,34,26.47,-1044.87,0.2801
8,60.0,1.5,1.0,2.5,INFY,21,28.57,-652.1,0.3677
8,60.0,1.5,1.0,2.5,HDFCBANK,31,19.35,-1171.32,0.2175
8,60.0,1.5,1.0,2.5,ICICIBANK,27,14.81,-1162.69,0.1445
8,60.0,1.5,1.0,2.5,SBIN,49,22.45,-1994.82,0.1956
8,60.0,1.5,1.0,2.5,LT,32,21.88,-1121.91,0.2863
8,60.0,1.5,1.0,2.5,AXISBANK,26,42.31,-158.79,0.8463
8,60.0,1.5,1.0,2.5,ITC,59,11.86,-2696.85,0.1348
8,60.0,1.5,1.0,2.5,BHARTIARTL,26,15.38,-1093.66,0.1893
8,60.0,1.5,1.0,3.0,RELIANCE,38,28.95,-654.19,0.6065
8,60.0,1.5,1.0,3.0,TCS,34,26.47,-918.77,0.367
8,60.0,1.5,1.0,3.0,INFY,21,23.81,-724.55,0.346
8,60.0,1.5,1.0,3.0,HDFCBANK,31,16.13,-1224.73,0.2149
8,60.0,1.5,1.0,3.0,ICICIBANK,27,14.81,-1099.35,0.1911
8,60.0,1.5,1.0,3.0,SBIN,49,22.45,-1837.19,0.2591
8,60.0,1.5,1.0,3.0,LT,32,21.88,-992.59,0.3685
8,60.0,1.5,1.0,3.0,AXISBANK,26,38.46,-55.22,0.9479
8,60.0,1.5,1.0,3.0,ITC,59,6.78,-2906.46,0.1008
8,60.0,1.5,1.0,3.0,BHARTIARTL,26,15.38,-1058.04,0.2158
8,60.0,1.5,1.2,2.0,RELIANCE,38,31.58,-970.01,0.4484
8,60.0,1.5,1.2,2.0,TCS,34,26.47,-1221.97,0.2378
8,60.0,1.5,1.2,2.0,INFY,21,33.33,-627.31,0.4103
8,60.0,1.5,1.2,2.0,HDFCBANK,31,29.03,-1003.22,0.3072
8,60.0,1.5,1.2,2.0,ICICIBANK,27,18.52,-1238.56,0.1388
8,60.0,1.5,1.2,2.0,SBIN,49,26.53,-2041.06,0.2154
8,60.0,1.5,1.2,2.0,LT,32,25.0,-1225.09,0.2725
8,60.0,1.5,1.2,2.0,AXISBANK,26,50.0,-65.88,0.9342
8,60.0,1.5,1.2,2.0,ITC,59,16.95,-2767.68,0.1473
8,60.0,1.5,1.2,2.0,BHARTIARTL,26,23.08,-987.05,0.2642
8,60.0,1.5,1.2,2.5,RELIANCE,38,31.58,-687.93,0.6099
8,60.0,1.5,1.2,2.5,TCS,34,26.47,-1070.66,0.3322
8,60.0,1.5,1.2,2.5,INFY,21,23.81,-850.24,0.3107
8,60.0,1.5,1.2,2.5,HDFCBANK,31,25.81,-986.91,0.3529
8,60.0,1.5,1.2,2.5,ICICIBANK,27,18.52,-1151.43,0.1994
8,60.0,1.5,1.2,2.5,SBIN,49,26.53,-1813.41,0.3038
8,60.0,1.5,1.2,2.5,LT,32,25.0,-1054.12,0.374
8,60.0,1.5,1.2,2.5,AXISBANK,26,42.31,-30.75,0.9722
8,60.0,1.5,1.2,2.5,ITC,59,11.86,-2917.32,0.1342
8,60.0,1.5,1.2,2.5,BHARTIARTL,26,23.08,-893.06,0.3342
8,60.0,1.5,1.2,3.0,RELIANCE,38,31.58,-406.01,0.7705
8,60.0,1.5,1.2,3.0,TCS,34,26.47,-919.34,0.4266
8,60.0,1.5,1.2,3.0,INFY,21,23.81,-743.59,0.3972
8,60.0,1.5,1.2,3.0,HDFCBANK,31,22.58,-998.96,0.3735
8,60.0,1.5,1.2,3.0,ICICIBANK,27,14.81,-1195.01,0.2043
8,60.0,1.5,1.2,3.0,SBIN,49,20.41,-1990.04,0.2783
8,60.0,1.5,1.2,3.0,LT,32,18.75,-1226.19,0.3139
8,60.0,1.5,1.2,3.0,AXISBANK,26,34.62,-129.49,0.8879
8,60.0,1.5,1.2,3.0,ITC,59,10.17,-2997.77,0.128
8,60.0,1.5,1.2,3.0,BHARTIARTL,26,23.08,-782.47,0.4167
10,50.0,1.0,1.0,2.0,RELIANCE,71,29.58,-2224.88,0.2725
10,50.0,1.0,1.0,2.0,TCS,46,26.09,-1568.72,0.2055
10,50.0,1.0,1.0,2.0,INFY,42,26.19,-1552.55,0.2737
10,50.0,1.0,1.0,2.0,HDFCBANK,59,20.34,-2365.41,0.154
10,50.0,1.0,1.0,2.0,ICICIBANK,42,16.67,-1909.26,0.1194
10,50.0,1.0,1.0,2.0,SBIN,65,23.08,-2668.84,0.1733
10,50.0,1.0,1.0,2.0,LT,59,32.2,-1584.1,0.3561
10,50.0,1.0,1.0,2.0,AXISBANK,53,39.62,-1032.32,0.541
10,50.0,1.0,1.0,2.0,ITC,77,12.99,-3544.6,0.1136
10,50.0,1.0,1.0,2.0,BHARTIARTL,50,22.0,-2131.15,0.1739
10,50.0,1.0,1.0,2.5,RELIANCE,71,28.17,-1974.44,0.3705
10,50.0,1.0,1.0,2.5,TCS,46,23.91,-1517.13,0.2568
10,50.0,1.0,1.0,2.5,INFY,42,23.81,-1483.24,0.3296
10,50.0,1.0,1.0,2.5,HDFCBANK,59,18.64,-2291.84,0.1984
10,50.0,1.0,1.0,2.5,ICICIBANK,42,14.29,-1936.76,0.1353
10,50.0,1.0,1.0,2.5,SBIN,65,21.54,-2517.18,0.2347
10,50.0,1.0,1.0,2.5,LT,59,28.81,-1480.16,0.4286
10,50.0,1.0,1.0,2.5,AXISBANK,53,37.74,-796.62,0.6563
10,50.0,1.0,1.0,2.5,ITC,77,9.09,-3731.37,0.1107
10,50.0,1.0,1.0,2.5,BHARTIARTL,50,20.0,-2048.33,0.2242
10,50.0,1.0,1.0,3.0,RELIANCE,71,25.35,-1892.89,0.4198
10,50.0,1.0,1.0,3.0,TCS,46,21.74,-1529.04,0.2761
10,50.0,1.0,1.0,3.0,INFY,42,16.67,-1821.94,0.2528
10,50.0,1.0,1.0,3.0,HDFCBANK,59,15.25,-2332.49,0.2056
10,50.0,1.0,1.0,3.0,ICICIBANK,42,14.29,-1840.59,0.1782
10,50.0,1.0,1.0,3.0,SBIN,65,16.92,-2823.0,0.193
10,50.0,1.0,1.0,3.0,LT,59,25.42,-1564.88,0.4244
10,50.0,1.0,1.0,3.0,AXISBANK,53,32.08,-822.27,0.6679
10,50.0,1.0,1.0,3.0,ITC,77,7.79,-3836.02,0.0974
10,50.0,1.0,1.0,3.0,BHARTIARTL,50,18.0,-2033.94,0.2412
10,50.0,1.0,1.2,2.0,RELIANCE,71,35.21,-1676.94,0.4574
10,50.0,1.0,1.2,2.0,TCS,46,23.91,-1761.25,0.2184
10,50.0,1.0,1.2,2.0,INFY,42,26.19,-1611.79,0.3227
10,50.0,1.0,1.2,2.0,HDFCBANK,59,25.42,-2162.61,0.2507
10,50.0,1.0,1.2,2.0,ICICIBANK,42,16.67,-2116.15,0.1245
10,50.0,1.0,1.2,2.0,SBIN,65,23.08,-2665.55,0.2322
10,50.0,1.0,1.2,2.0,LT,59,33.9,-1535.71,0.4295
10,50.0,1.0,1.2,2.0,AXISBANK,53,41.51,-879.48,0.6368
10,50.0,1.0,1.2,2.0,ITC,77,16.88,-3651.85,0.141
10,50.0,1.0,1.2,2.0,BHARTIARTL,50,28.0,-1821.34,0.2966
10,50.0,1.0,1.2,2.5,RELIANCE,71,32.39,-1502.22,0.5362
10,50.0,1.0,1.2,2.5,TCS,46,21.74,-1749.64,0.25
10,50.0,1.0,1.2,2.5,INFY,42,16.67,-2061.82,0.2302
10,50.0,1.0,1.2,2.5,HDFCBANK,59,20.34,-2204.18,0.2722
10,50.0,1.0,1.2,2.5,ICICIBANK,42,16.67,-1987.15,0.1778
10,50.0,1.0,1.2,2.5,SBIN,65,18.46,-2808.26,0.2189
10,50.0,1.0,1.2,2.5,LT,59,28.81,-1660.72,0.4258
10,50.0,1.0,1.2,2.5,AXISBANK,53,33.96,-978.47,0.6336
10,50.0,1.0,1.2,2.5,ITC,77,15.58,-3652.22,0.1534
10,50.0,1.0,1.2,2.5,BHARTIARTL,50,24.0,-1797.79,0.32
10,50.0,1.0,1.2,3.0,RELIANCE,71,29.58,-1292.55,0.6111
10,50.0,1.0,1.2,3.0,TCS,46,21.74,-1582.58,0.3216
10,50.0,1.0,1.2,3.0,INFY,42,16.67,-1896.67,0.2918
10,50.0,1.0,1.2,3.0,HDFCBANK,59,20.34,-1979.82,0.3469
10,50.0,1.0,1.2,3.0,ICICIBANK,42,14.29,-2070.5,0.1703
10,50.0,1.0,1.2,3.0,SBIN,65,15.38,-2850.11,0.23
10,50.0,1.0,1.2,3.0,LT,59,27.12,-1507.55,0.4872
10,50.0,1.0,1.2,3.0,AXISBANK,53,28.3,-1214.47,0.5677
10,50.0,1.0,1.2,3.0,ITC,77,14.29,-3614.24,0.1735
10,50.0,1.0,1.2,3.0,BHARTIARTL,50,24.0,-1628.18,0.3841
10,50.0,1.5,1.0,2.0,RELIANCE,39,28.21,-1225.5,0.2918
10,50.0,1.5,1.0,2.0,TCS,32,31.25,-926.19,0.2603
10,50.0,1.5,1.0,2.0,INFY,20,30.0,-669.56,0.298
10,50.0,1.5,1.0,2.0,HDFCBANK,33,21.21,-1261.76,0.1781
10,50.0,1.5,1.0,2.0,ICICIBANK,28,14.29,-1279.81,0.0931
10,50.0,1.5,1.0,2.0,SBIN,45,20.0,-2081.07,0.1186
10,50.0,1.5,1.0,2.0,LT,34,26.47,-1114.51,0.2838
10,50.0,1.5,1.0,2.0,AXISBANK,25,52.0,-22.14,0.9735
10,50.0,1.5,1.0,2.0,ITC,61,6.56,-3170.34,0.069
10,50.0,1.5,1.0,2.0,BHARTIARTL,27,18.52,-1139.22,0.1652
10,50.0,1.5,1.0,2.5,RELIANCE,39,25.64,-1093.66,0.3865
10,50.0,1.5,1.0,2.5,TCS,32,28.12,-908.49,0.3112
10,50.0,1.5,1.0,2.5,INFY,20,25.0,-712.47,0.3074
10,50.0,1.5,1.0,2.5,HDFCBANK,33,18.18,-1276.08,0.2048
10,50.0,1.5,1.0,2.5,ICICIBANK,28,14.29,-1217.46,0.1372
10,50.0,1.5,1.0,2.5,SBIN,45,20.0,-1951.36,0.1736
10,50.0,1.5,1.0,2.5,LT,34,20.59,-1189.27,0.2943
10,50.0,1.5,1.0,2.5,AXISBANK,25,48.0,48.41,1.0534
10,50.0,1.5,1.0,2.5,ITC,61,6.56,-3081.96,0.0952
10,50.0,1.5,1.0,2.5,BHARTIARTL,27,14.81,-1156.31,0.1886
10,50.0,1.5,1.0,3.0,RELIANCE,39,25.64,-895.8,0.4975
10,50.0,1.5,1.0,3.0,TCS,32,28.12,-781.58,0.4075
10,50.0,1.5,1.0,3.0,INFY,20,20.0,-803.38,0.2731
10,50.0,1.5,1.0,3.0,HDFCBANK,33,15.15,-1329.01,0.2032
10,50.0,1.5,1.0,3.0,ICICIBANK,28,14.29,-1155.1,0.1814
10,50.0,1.5,1.0,3.0,SBIN,45,20.0,-1825.15,0.2279
10,50.0,1.5,1.0,3.0,LT,34,20.59,-1170.47,0.3055
10,50.0,1.5,1.0,3.0,AXISBANK,25,44.0,157.78,1.1697
10,50.0,1.5,1.0,3.0,ITC,61,3.28,-3249.14,0.0641
10,50.0,1.5,1.0,3.0,BHARTIARTL,27,14.81,-1117.99,0.2155
10,50.0,1.5,1.2,2.0,RELIANCE,39,28.21,-1198.63,0.3679
10,50.0,1.5,1.2,2.0,TCS,32,28.12,-1069.9,0.2647
10,50.0,1.5,1.2,2.0,INFY,20,30.0,-683.5,0.3556
10,50.0,1.5,1.2,2.0,HDFCBANK,33,24.24,-1238.4,0.2408
10,50.0,1.5,1.2,2.0,ICICIBANK,28,17.86,-1295.02,0.1335
10,50.0,1.5,1.2,2.0,SBIN,45,24.44,-1983.66,0.1983
10,50.0,1.5,1.2,2.0,LT,34,26.47,-1243.2,0.2948
10,50.0,1.5,1.2,2.0,AXISBANK,25,52.0,40.74,1.0438
10,50.0,1.5,1.2,2.0,ITC,61,14.75,-3028.8,0.123
10,50.0,1.5,1.2,2.0,BHARTIARTL,27,22.22,-1059.68,0.2573
10,50.0,1.5,1.2,2.5,RELIANCE,39,28.21,-941.81,0.5033
10,50.0,1.5,1.2,2.5,TCS,32,28.12,-917.62,0.3694
10,50.0,1.5,1.2,2.5,INFY,20,20.0,-928.59,0.2453
10,50.0,1.5,1.2,2.5,HDFCBANK,33,21.21,-1235.77,0.2767
10,50.0,1.5,1.2,2.5,ICICIBANK,28,17.86,-1207.9,0.1918
10,50.0,1.5,1.2,2.5,SBIN,45,24.44,-1787.06,0.2778
10,50.0,1.5,1.2,2.5,LT,34,26.47,-1170.29,0.3362
10,50.0,1.5,1.2,2.5,AXISBANK,25,44.0,55.28,1.0535
10,50.0,1.5,1.2,2.5,ITC,61,11.48,-3117.01,0.1157
10,50.0,1.5,1.2,2.5,BHARTIARTL,27,22.22,-962.46,0.3254
10,50.0,1.5,1.2,3.0,RELIANCE,39,28.21,-690.05,0.6371
10,50.0,1.5,1.2,3.0,TCS,32,28.12,-765.33,0.474
10,50.0,1.5,1.2,3.0,INFY,20,20.0,-844.1,0.314
10,50.0,1.5,1.2,3.0,HDFCBANK,33,18.18,-1267.03,0.2874
10,50.0,1.5,1.2,3.0,ICICIBANK,28,14.29,-1256.42,0.1937
10,50.0,1.5,1.2,3.0,SBIN,45,20.0,-1873.02,0.2757
10,50.0,1.5,1.2,3.0,LT,34,23.53,-1173.56,0.3461
10,50.0,1.5,1.2,3.0,AXISBANK,25,36.0,-60.98,0.9437
10,50.0,1.5,1.2,3.0,ITC,61,9.84,-3163.58,0.1173
10,50.0,1.5,1.2,3.0,BHARTIARTL,27,22.22,-848.65,0.4052
10,55.0,1.0,1.0,2.0,RELIANCE,71,29.58,-2224.88,0.2725
10,55.0,1.0,1.0,2.0,TCS,46,26.09,-1568.72,0.2055
10,55.0,1.0,1.0,2.0,INFY,42,26.19,-1552.55,0.2737
10,55.0,1.0,1.0,2.0,HDFCBANK,59,20.34,-2365.41,0.154
10,55.0,1.0,1.0,2.0,ICICIBANK,42,16.67,-1909.26,0.1194
10,55.0,1.0,1.0,2.0,SBIN,65,23.08,-2668.84,0.1733
10,55.0,1.0,1.0,2.0,LT,59,30.51,-1742.86,0.312
10,55.0,1.0,1.0,2.0,AXISBANK,52,38.46,-1156.57,0.4858
10,55.0,1.0,1.0,2.0,ITC,77,12.99,-3545.66,0.1136
10,55.0,1.0,1.0,2.0,BHARTIARTL,49,22.45,-2039.4,0.1803
10,55.0,1.0,1.0,2.5,RELIANCE,71,28.17,-1974.44,0.3705
10,55.0,1.0,1.0,2.5,TCS,46,23.91,-1517.13,0.2568
10,55.0,1.0,1.0,2.5,INFY,42,23.81,-1483.24,0.3296
10,55.0,1.0,1.0,2.5,HDFCBANK,59,18.64,-2291.84,0.1984
10,55.0,1.0,1.0,2.5,ICICIBANK,42,14.29,-1936.76,0.1353
10,55.0,1.0,1.0,2.5,SBIN,65,21.54,-2517.18,0.2347
10,55.0,1.0,1.0,2.5,LT,59,27.12,-1681.71,0.3719
10,55.0,1.0,1.0,2.5,AXISBANK,52,36.54,-867.63,0.6257
10,55.0,1.0,1.0,2.5,ITC,77,9.09,-3732.42,0.1106
10,55.0,1.0,1.0,2.5,BHARTIARTL,49,20.41,-1963.16,0.2316
10,55.0,1.0,1.0,3.0,RELIANCE,71,25.35,-1892.89,0.4198
10,55.0,1.0,1.0,3.0,TCS,46,21.74,-1529.04,0.2761
10,55.0,1.0,1.0,3.0,INFY,42,16.67,-1821.94,0.2528
10,55.0,1.0,1.0,3.0,HDFCBANK,59,15.25,-2332.49,0.2056
10,55.0,1.0,1.0,3.0,ICICIBANK,42,14.29,-1840.59,0.1782
10,55.0,1.0,1.0,3.0,SBIN,65,16.92,-2823.0,0.193
10,55.0,1.0,1.0,3.0,LT,59,23.73,-1660.51,0.4052
10,55.0,1.0,1.0,3.0,AXISBANK,52,30.77,-893.28,0.6392
10,55.0,1.0,1.0,3.0,ITC,77,7.79,-3837.08,0.0973
10,55.0,1.0,1.0,3.0,BHARTIARTL,49,18.37,-1942.19,0.2498
10,55.0,1.0,1.2,2.0,RELIANCE,71,35.21,-1676.94,0.4574
10,55.0,1.0,1.2,2.0,TCS,46,23.91,-1761.25,0.2184
10,55.0,1.0,1.2,2.0,INFY,42,26.19,-1611.79,0.3227
10,55.0,1.0,1.2,2.0,HDFCBANK,59,25.42,-2162.61,0.2507
10,55.0,1.0,1.2,2.0,ICICIBANK,42,16.67,-2116.15,0.1245
10,55.0,1.0,1.2,2.0,SBIN,65,23.08,-2665.55,0.2322
10,55.0,1.0,1.2,2.0,LT,59,30.51,-1790.32,0.3654
10,55.0,1.0,1.2,2.0,AXISBANK,52,40.38,-950.5,0.6074
10,55.0,1.0,1.2,2.0,ITC,77,16.88,-3653.12,0.141
10,55.0,1.0,1.2,2.0,BHARTIARTL,49,26.53,-1873.59,0.2713
10,55.0,1.0,1.2,2.5,RELIANCE,71,32.39,-1502.22,0.5362
10,55.0,1.0,1.2,2.5,TCS,46,21.74,-1749.64,0.25
10,55.0,1.0,1.2,2.5,INFY,42,16.67,-2061.82,0.2302
10,55.0,1.0,1.2,2.5,HDFCBANK,59,20.34,-2204.18,0.2722
10,55.0,1.0,1.2,2.5,ICICIBANK,42,16.67,-1987.15,0.1778
10,55.0,1.0,1.2,2.5,SBIN,65,18.46,-2808.26,0.2189
10,55.0,1.0,1.2,2.5,LT,59,25.42,-1855.96,0.389
10,55.0,1.0,1.2,2.5,AXISBANK,52,32.69,-1049.48,0.607
10,55.0,1.0,1.2,2.5,ITC,77,15.58,-3653.49,0.1533
10,55.0,1.0,1.2,2.5,BHARTIARTL,49,24.49,-1765.73,0.3239
10,55.0,1.0,1.2,3.0,RELIANCE,71,29.58,-1292.55,0.6111
10,55.0,1.0,1.2,3.0,TCS,46,21.74,-1582.58,0.3216
10,55.0,1.0,1.2,3.0,INFY,42,16.67,-1896.67,0.2918
10,55.0,1.0,1.2,3.0,HDFCBANK,59,20.34,-1979.82,0.3469
10,55.0,1.0,1.2,3.0,ICICIBANK,42,14.29,-2070.5,0.1703
10,55.0,1.0,1.2,3.0,SBIN,65,15.38,-2850.11,0.23
10,55.0,1.0,1.2,3.0,LT,59,23.73,-1697.22,0.4471
10,55.0,1.0,1.2,3.0,AXISBANK,52,26.92,-1280.72,0.5434
10,55.0,1.0,1.2,3.0,ITC,77,14.29,-3615.51,0.1734
10,55.0,1.0,1.2,3.0,BHARTIARTL,49,24.49,-1596.12,0.3888
10,55.0,1.5,1.0,2.0,RELIANCE,39,28.21,-1225.5,0.2918
10,55.0,1.5,1.0,2.0,TCS,32,31.25,-926.19,0.2603
10,55.0,1.5,1.0,2.0,INFY,20,30.0,-669.56,0.298
10,55.0,1.5,1.0,2.0,HDFCBANK,33,21.21,-1261.76,0.1781
10,55.0,1.5,1.0,2.0,ICICIBANK,28,14.29,-1279.81,0.0931
10,55.0,1.5,1.0,2.0,SBIN,45,20.0,-2081.07,0.1186
10,55.0,1.5,1.0,2.0,LT,33,24.24,-1243.36,0.2226
10,55.0,1.5,1.0,2.0,AXISBANK,24,50.0,-146.39,0.8246
10,55.0,1.5,1.0,2.0,ITC,60,6.67,-3093.8,0.0706
10,55.0,1.5,1.0,2.0,BHARTIARTL,27,18.52,-1139.22,0.1652
10,55.0,1.5,1.0,2.5,RELIANCE,39,25.64,-1093.66,0.3865
10,55.0,1.5,1.0,2.5,TCS,32,28.12,-908.49,0.3112
10,55.0,1.5,1.0,2.5,INFY,20,25.0,-712.47,0.3074
10,55.0,1.5,1.0,2.5,HDFCBANK,33,18.18,-1276.08,0.2048
10,55.0,1.5,1.0,2.5,ICICIBANK,28,14.29,-1217.46,0.1372
10,55.0,1.5,1.0,2.5,SBIN,45,20.0,-1951.36,0.1736
10,55.0,1.5,1.0,2.5,LT,33,18.18,-1346.66,0.2209
10,55.0,1.5,1.0,2.5,AXISBANK,24,45.83,-18.94,0.979
10,55.0,1.5,1.0,2.5,ITC,60,6.67,-3006.52,0.0974
10,55.0,1.5,1.0,2.5,BHARTIARTL,27,14.81,-1156.31,0.1886
10,55.0,1.5,1.0,3.0,RELIANCE,39,25.64,-895.8,0.4975
10,55.0,1.5,1.0,3.0,TCS,32,28.12,-781.58,0.4075
10,55.0,1.5,1.0,3.0,INFY,20,20.0,-803.38,0.2731
10,55.0,1.5,1.0,3.0,HDFCBANK,33,15.15,-1329.01,0.2032
10,55.0,1.5,1.0,3.0,ICICIBANK,28,14.29,-1155.1,0.1814
10,55.0,1.5,1.0,3.0,SBIN,45,20.0,-1825.15,0.2279
10,55.0,1.5,1.0,3.0,LT,33,18.18,-1236.19,0.2848
10,55.0,1.5,1.0,3.0,AXISBANK,24,41.67,86.76,1.0933
10,55.0,1.5,1.0,3.0,ITC,60,3.33,-3172.6,0.0655
10,55.0,1.5,1.0,3.0,BHARTIARTL,27,14.81,-1117.99,0.2155
10,55.0,1.5,1.2,2.0,RELIANCE,39,28.21,-1198.63,0.3679
10,55.0,1.5,1.2,2.0,TCS,32,28.12,-1069.9,0.2647
10,55.0,1.5,1.2,2.0,INFY,20,30.0,-683.5,0.3556
10,55.0,1.5,1.2,2.0,HDFCBANK,33,24.24,-1238.4,0.2408
10,55.0,1.5,1.2,2.0,ICICIBANK,28,17.86,-1295.02,0.1335
10,55.0,1.5,1.2,2.0,SBIN,45,24.44,-1983.66,0.1983
10,55.0,1.5,1.2,2.0,LT,33,21.21,-1465.96,0.2121
10,55.0,1.5,1.2,2.0,AXISBANK,24,50.0,-30.28,0.9674
10,55.0,1.5,1.2,2.0,ITC,60,15.0,-2942.71,0.1262
10,55.0,1.5,1.2,2.0,BHARTIARTL,27,22.22,-1059.68,0.2573
10,55.0,1.5,1.2,2.5,RELIANCE,39,28.21,-941.81,0.5033
10,55.0,1.5,1.2,2.5,TCS,32,28.12,-917.62,0.3694
10,55.0,1.5,1.2,2.5,INFY,20,20.0,-928.59,0.2453
10,55.0,1.5,1.2,2.5,HDFCBANK,33,21.21,-1235.77,0.2767
10,55.0,1.5,1.2,2.5,ICICIBANK,28,17.86,-1207.9,0.1918
10,55.0,1.5,1.2,2.5,SBIN,45,24.44,-1787.06,0.2778
10,55.0,1.5,1.2,2.5,LT,33,21.21,-1317.6,0.2918
10,55.0,1.5,1.2,2.5,AXISBANK,24,41.67,-15.73,0.9848
10,55.0,1.5,1.2,2.5,ITC,60,11.67,-3031.14,0.1186
10,55.0,1.5,1.2,2.5,BHARTIARTL,27,22.22,-962.46,0.3254
10,55.0,1.5,1.2,3.0,RELIANCE,39,28.21,-690.05,0.6371
10,55.0,1.5,1.2,3.0,TCS,32,28.12,-765.33,0.474
10,55.0,1.5,1.2,3.0,INFY,20,20.0,-844.1,0.314
10,55.0,1.5,1.2,3.0,HDFCBANK,33,18.18,-1267.03,0.2874
10,55.0,1.5,1.2,3.0,ICICIBANK,28,14.29,-1256.42,0.1937
10,55.0,1.5,1.2,3.0,SBIN,45,20.0,-1873.02,0.2757
10,55.0,1.5,1.2,3.0,LT,33,18.18,-1331.39,0.2964
10,55.0,1.5,1.2,3.0,AXISBANK,24,33.33,-131.99,0.8781
10,55.0,1.5,1.2,3.0,ITC,60,10.0,-3077.78,0.1202
10,55.0,1.5,1.2,3.0,BHARTIARTL,27,22.22,-848.65,0.4052
10,60.0,1.0,1.0,2.0,RELIANCE,66,31.82,-1927.78,0.3018
10,60.0,1.0,1.0,2.0,TCS,45,26.67,-1513.38,0.2115
10,60.0,1.0,1.0,2.0,INFY,38,28.95,-1279.05,0.3139
10,60.0,1.0,1.0,2.0,HDFCBANK,52,17.31,-2262.49,0.1195
10,60.0,1.0,1.0,2.0,ICICIBANK,39,17.95,-1716.16,0.1311
10,60.0,1.0,1.0,2.0,SBIN,62,24.19,-2442.93,0.1867
10,60.0,1.0,1.0,2.0,LT,53,33.96,-1353.6,0.3686
10,60.0,1.0,1.0,2.0,AXISBANK,50,38.0,-1107.61,0.49
10,60.0,1.0,1.0,2.0,ITC,76,11.84,-3596.73,0.104
10,60.0,1.0,1.0,2.0,BHARTIARTL,47,23.4,-1904.7,0.1906
10,60.0,1.0,1.0,2.5,RELIANCE,66,30.3,-1652.0,0.4138
10,60.0,1.0,1.0,2.5,TCS,45,24.44,-1461.79,0.264
10,60.0,1.0,1.0,2.5,INFY,38,26.32,-1209.75,0.3761
10,60.0,1.0,1.0,2.5,HDFCBANK,52,15.38,-2235.91,0.1487
10,60.0,1.0,1.0,2.5,ICICIBANK,39,15.38,-1743.66,0.148
10,60.0,1.0,1.0,2.5,SBIN,62,22.58,-2293.94,0.2529
10,60.0,1.0,1.0,2.5,LT,53,30.19,-1278.2,0.4379
10,60.0,1.0,1.0,2.5,AXISBANK,50,36.0,-833.09,0.6282
10,60.0,1.0,1.0,2.5,ITC,76,7.89,-3796.84,0.0976
10,60.0,1.0,1.0,2.5,BHARTIARTL,47,21.28,-1821.88,0.2452
10,60.0,1.0,1.0,3.0,RELIANCE,66,27.27,-1581.57,0.465
10,60.0,1.0,1.0,3.0,TCS,45,22.22,-1473.7,0.2835
10,60.0,1.0,1.0,3.0,INFY,38,18.42,-1548.45,0.2847
10,60.0,1.0,1.0,3.0,HDFCBANK,52,11.54,-2335.42,0.138
10,60.0,1.0,1.0,3.0,ICICIBANK,39,15.38,-1647.49,0.195
10,60.0,1.0,1.0,3.0,SBIN,62,17.74,-2599.95,0.2061
10,60.0,1.0,1.0,3.0,LT,53,26.42,-1271.25,0.4708
10,60.0,1.0,1.0,3.0,AXISBANK,50,30.0,-873.16,0.6359
10,60.0,1.0,1.0,3.0,ITC,76,6.58,-3916.99,0.0806
10,60.0,1.0,1.0,3.0,BHARTIARTL,47,19.15,-1807.48,0.2635
10,60.0,1.0,1.2,2.0,RELIANCE,66,36.36,-1467.33,0.4796
10,60.0,1.0,1.2,2.0,TCS,45,24.44,-1700.04,0.2245
10,60.0,1.0,1.2,2.0,INFY,38,28.95,-1307.08,0.37
10,60.0,1.0,1.2,2.0,HDFCBANK,52,25.0,-1960.92,0.2363
10,60.0,1.0,1.2,2.0,ICICIBANK,39,17.95,-1901.11,0.1371
10,60.0,1.0,1.2,2.0,SBIN,62,24.19,-2412.8,0.2514
10,60.0,1.0,1.2,2.0,LT,53,33.96,-1356.65,0.4317
10,60.0,1.0,1.2,2.0,AXISBANK,50,42.0,-791.06,0.6512
10,60.0,1.0,1.2,2.0,ITC,76,17.11,-3600.06,0.1429
10,60.0,1.0,1.2,2.0,BHARTIARTL,47,27.66,-1715.91,0.2891
10,60.0,1.0,1.2,2.5,RELIANCE,66,34.85,-1159.71,0.6004
10,60.0,1.0,1.2,2.5,TCS,45,22.22,-1688.43,0.2567
10,60.0,1.0,1.2,2.5,INFY,38,18.42,-1752.62,0.2602
10,60.0,1.0,1.2,2.5,HDFCBANK,52,19.23,-2046.68,0.2449
10,60.0,1.0,1.2,2.5,ICICIBANK,39,17.95,-1773.41,0.1951
10,60.0,1.0,1.2,2.5,SBIN,62,19.35,-2554.17,0.2361
10,60.0,1.0,1.2,2.5,LT,53,28.3,-1422.29,0.4538
10,60.0,1.0,1.2,2.5,AXISBANK,50,34.0,-888.52,0.647
10,60.0,1.0,1.2,2.5,ITC,76,15.79,-3601.41,0.1553
10,60.0,1.0,1.2,2.5,BHARTIARTL,47,25.53,-1613.71,0.3439
10,60.0,1.0,1.2,3.0,RELIANCE,66,31.82,-944.77,0.6825
10,60.0,1.0,1.2,3.0,TCS,45,22.22,-1521.37,0.3302
10,60.0,1.0,1.2,3.0,INFY,38,18.42,-1591.96,0.3293
10,60.0,1.0,1.2,3.0,HDFCBANK,52,19.23,-1866.29,0.3122
10,60.0,1.0,1.2,3.0,ICICIBANK,39,15.38,-1858.02,0.1873
10,60.0,1.0,1.2,3.0,SBIN,62,16.13,-2601.4,0.2466
10,60.0,1.0,1.2,3.0,LT,53,26.42,-1263.56,0.5206
10,60.0,1.0,1.2,3.0,AXISBANK,50,28.0,-1122.99,0.5772
10,60.0,1.0,1.2,3.0,ITC,76,14.47,-3572.19,0.1734
10,60.0,1.0,1.2,3.0,BHARTIARTL,47,25.53,-1444.09,0.4129
10,60.0,1.5,1.0,2.0,RELIANCE,36,30.56,-1031.71,0.3285
10,60.0,1.5,1.0,2.0,TCS,32,31.25,-926.19,0.2603
10,60.0,1.5,1.0,2.0,INFY,19,31.58,-598.38,0.322
10,60.0,1.5,1.0,2.0,HDFCBANK,29,20.69,-1123.53,0.176
10,60.0,1.5,1.0,2.0,ICICIBANK,26,15.38,-1174.23,0.1006
10,60.0,1.5,1.0,2.0,SBIN,42,21.43,-1855.44,0.1315
10,60.0,1.5,1.0,2.0,LT,30,26.67,-1024.16,0.2579
10,60.0,1.5,1.0,2.0,AXISBANK,23,47.83,-164.83,0.7996
10,60.0,1.5,1.0,2.0,ITC,59,6.78,-3044.54,0.0716
10,60.0,1.5,1.0,2.0,BHARTIARTL,26,19.23,-1063.24,0.1749
10,60.0,1.5,1.0,2.5,RELIANCE,36,27.78,-899.88,0.4337
10,60.0,1.5,1.0,2.5,TCS,32,28.12,-908.49,0.3112
10,60.0,1.5,1.0,2.5,INFY,19,26.32,-641.29,0.3303
10,60.0,1.5,1.0,2.5,HDFCBANK,29,17.24,-1156.99,0.1926
10,60.0,1.5,1.0,2.5,ICICIBANK,26,15.38,-1109.11,0.1505
10,60.0,1.5,1.0,2.5,SBIN,42,21.43,-1726.51,0.1918
10,60.0,1.5,1.0,2.5,LT,30,20.0,-1127.47,0.253
10,60.0,1.5,1.0,2.5,AXISBANK,23,43.48,-60.47,0.9328
10,60.0,1.5,1.0,2.5,ITC,59,6.78,-2957.38,0.0988
10,60.0,1.5,1.0,2.5,BHARTIARTL,26,15.38,-1080.33,0.1992
10,60.0,1.5,1.0,3.0,RELIANCE,36,27.78,-706.62,0.5566
10,60.0,1.5,1.0,3.0,TCS,32,28.12,-781.58,0.4075
10,60.0,1.5,1.0,3.0,INFY,19,21.05,-732.2,0.2919
10,60.0,1.5,1.0,3.0,HDFCBANK,29,13.79,-1232.74,0.1796
10,60.0,1.5,1.0,3.0,ICICIBANK,26,15.38,-1045.76,0.199
10,60.0,1.5,1.0,3.0,SBIN,42,21.43,-1597.59,0.2522
10,60.0,1.5,1.0,3.0,LT,30,20.0,-1017.0,0.3262
10,60.0,1.5,1.0,3.0,AXISBANK,23,39.13,33.52,1.0364
10,60.0,1.5,1.0,3.0,ITC,59,3.39,-3123.34,0.0665
10,60.0,1.5,1.0,3.0,BHARTIARTL,26,15.38,-1042.02,0.2276
10,60.0,1.5,1.2,2.0,RELIANCE,36,30.56,-984.21,0.4148
10,60.0,1.5,1.2,2.0,TCS,32,28.12,-1069.9,0.2647
10,60.0,1.5,1.2,2.0,INFY,19,31.58,-604.13,0.3843
10,60.0,1.5,1.2,2.0,HDFCBANK,29,27.59,-975.05,0.2921
10,60.0,1.5,1.2,2.0,ICICIBANK,26,19.23,-1180.23,0.1447
10,60.0,1.5,1.2,2.0,SBIN,42,26.19,-1728.95,0.2211
10,60.0,1.5,1.2,2.0,LT,30,23.33,-1220.38,0.2443
10,60.0,1.5,1.2,2.0,AXISBANK,23,52.17,57.14,1.0674
10,60.0,1.5,1.2,2.0,ITC,59,15.25,-2889.39,0.1283
10,60.0,1.5,1.2,2.0,BHARTIARTL,26,23.08,-974.26,0.2737
10,60.0,1.5,1.2,2.5,RELIANCE,36,30.56,-732.49,0.5658
10,60.0,1.5,1.2,2.5,TCS,32,28.12,-917.62,0.3694
10,60.0,1.5,1.2,2.5,INFY,19,21.05,-849.21,0.2622
10,60.0,1.5,1.2,2.5,HDFCBANK,29,24.14,-981.78,0.325
10,60.0,1.5,1.2,2.5,ICICIBANK,26,19.23,-1093.1,0.2078
10,60.0,1.5,1.2,2.5,SBIN,42,26.19,-1537.35,0.309
10,60.0,1.5,1.2,2.5,LT,30,23.33,-1072.02,0.3362
10,60.0,1.5,1.2,2.5,AXISBANK,23,43.48,73.31,1.0771
10,60.0,1.5,1.2,2.5,ITC,59,11.86,-2978.06,0.1205
10,60.0,1.5,1.2,2.5,BHARTIARTL,26,23.08,-877.04,0.3462
10,60.0,1.5,1.2,3.0,RELIANCE,36,30.56,-480.92,0.7158
10,60.0,1.5,1.2,3.0,TCS,32,28.12,-765.33,0.474
10,60.0,1.5,1.2,3.0,INFY,19,21.05,-764.73,0.3356
10,60.0,1.5,1.2,3.0,HDFCBANK,29,20.69,-1013.04,0.3353
10,60.0,1.5,1.2,3.0,ICICIBANK,26,15.38,-1136.68,0.2126
10,60.0,1.5,1.2,3.0,SBIN,42,21.43,-1623.31,0.3052
10,60.0,1.5,1.2,3.0,LT,30,20.0,-1085.81,0.3406
10,60.0,1.5,1.2,3.0,AXISBANK,23,34.78,-41.32,0.9588
10,60.0,1.5,1.2,3.0,ITC,59,10.17,-3024.7,0.122
10,60.0,1.5,1.2,3.0,BHARTIARTL,26,23.08,-763.22,0.431
12,50.0,1.0,1.0,2.0,RELIANCE,66,28.79,-2286.15,0.2137
12,50.0,1.0,1.0,2.0,TCS,46,26.09,-1568.85,0.2044
12,50.0,1.0,1.0,2.0,INFY,39,23.08,-1524.63,0.2477
12,50.0,1.0,1.0,2.0,HDFCBANK,54,18.52,-2280.13,0.1313
12,50.0,1.0,1.0,2.0,ICICIBANK,37,21.62,-1421.34,0.1715
12,50.0,1.0,1.0,2.0,SBIN,55,27.27,-1993.86,0.228
12,50.0,1.0,1.0,2.0,LT,52,34.62,-1213.84,0.4123
12,50.0,1.0,1.0,2.0,AXISBANK,46,39.13,-917.69,0.5341
12,50.0,1.0,1.0,2.0,ITC,71,8.45,-3675.97,0.0594
12,50.0,1.0,1.0,2.0,BHARTIARTL,47,12.77,-2451.41,0.0888
12,50.0,1.0,1.0,2.5,RELIANCE,66,27.27,-2083.23,0.2975
12,50.0,1.0,1.0,2.5,TCS,46,23.91,-1517.92,0.2555
12,50.0,1.0,1.0,2.5,INFY,39,20.51,-1491.17,0.2904
12,50.0,1.0,1.0,2.5,HDFCBANK,54,16.67,-2242.75,0.1656
12,50.0,1.0,1.0,2.5,ICICIBANK,37,18.92,-1434.78,0.1971
12,50.0,1.0,1.0,2.5,SBIN,55,25.45,-1833.2,0.3064
12,50.0,1.0,1.0,2.5,LT,52,30.77,-1129.67,0.4861
12,50.0,1.0,1.0,2.5,AXISBANK,46,36.96,-803.96,0.6088
12,50.0,1.0,1.0,2.5,ITC,71,5.63,-3761.78,0.0639
12,50.0,1.0,1.0,2.5,BHARTIARTL,47,12.77,-2347.99,0.1273
12,50.0,1.0,1.0,3.0,RELIANCE,66,24.24,-2075.13,0.3298
12,50.0,1.0,1.0,3.0,TCS,46,21.74,-1530.49,0.2745
12,50.0,1.0,1.0,3.0,INFY,39,12.82,-1865.7,0.1983
12,50.0,1.0,1.0,3.0,HDFCBANK,54,12.96,-2319.59,0.1611
12,50.0,1.0,1.0,3.0,ICICIBANK,37,18.92,-1319.43,0.2617
12,50.0,1.0,1.0,3.0,SBIN,55,20.0,-2142.91,0.2499
12,50.0,1.0,1.0,3.0,LT,52,26.92,-1228.46,0.4719
12,50.0,1.0,1.0,3.0,AXISBANK,46,32.61,-718.13,0.6642
12,50.0,1.0,1.0,3.0,ITC,71,4.23,-3924.28,0.0359
12,50.0,1.0,1.0,3.0,BHARTIARTL,47,12.77,-2283.42,0.1513
12,50.0,1.0,1.2,2.0,RELIANCE,66,36.36,-1480.52,0.4664
12,50.0,1.0,1.2,2.0,TCS,46,23.91,-1761.41,0.2173
12,50.0,1.0,1.2,2.0,INFY,39,23.08,-1596.4,0.2912
12,50.0,1.0,1.2,2.0,HDFCBANK,54,25.93,-1976.91,0.2497
12,50.0,1.0,1.2,2.0,ICICIBANK,37,21.62,-1561.26,0.1824
12,50.0,1.0,1.2,2.0,SBIN,55,27.27,-1959.91,0.2937
12,50.0,1.0,1.2,2.0,LT,52,34.62,-1200.29,0.4783
12,50.0,1.0,1.2,2.0,AXISBANK,46,43.48,-671.56,0.6714
12,50.0,1.0,1.2,2.0,ITC,71,14.08,-3625.79,0.1052
12,50.0,1.0,1.2,2.0,BHARTIARTL,47,21.28,-2133.26,0.1941
12,50.0,1.0,1.2,2.5,RELIANCE,66,33.33,-1343.94,0.5405
12,50.0,1.0,1.2,2.5,TCS,46,21.74,-1750.59,0.2486
12,50.0,1.0,1.2,2.5,INFY,39,12.82,-2089.44,0.1809
12,50.0,1.0,1.2,2.5,HDFCBANK,54,20.37,-2038.59,0.2651
12,50.0,1.0,1.2,2.5,ICICIBANK,37,21.62,-1414.76,0.2591
12,50.0,1.0,1.2,2.5,SBIN,55,21.82,-2103.78,0.2733
12,50.0,1.0,1.2,2.5,LT,52,28.85,-1368.77,0.4562
12,50.0,1.0,1.2,2.5,AXISBANK,46,39.13,-468.82,0.7798
12,50.0,1.0,1.2,2.5,ITC,71,12.68,-3689.17,0.1027
12,50.0,1.0,1.2,2.5,BHARTIARTL,47,21.28,-1976.99,0.2552
12,50.0,1.0,1.2,3.0,RELIANCE,66,31.82,-1165.35,0.6033
12,50.0,1.0,1.2,3.0,TCS,46,21.74,-1584.32,0.3199
12,50.0,1.0,1.2,3.0,INFY,39,12.82,-1967.3,0.2288
12,50.0,1.0,1.2,3.0,HDFCBANK,54,20.37,-1845.11,0.3373
12,50.0,1.0,1.2,3.0,ICICIBANK,37,18.92,-1480.57,0.2569
12,50.0,1.0,1.2,3.0,SBIN,55,18.18,-2193.77,0.2704
12,50.0,1.0,1.2,3.0,LT,52,25.0,-1354.65,0.4806
12,50.0,1.0,1.2,3.0,AXISBANK,46,32.61,-717.91,0.6841
12,50.0,1.0,1.2,3.0,ITC,71,12.68,-3620.07,0.1201
12,50.0,1.0,1.2,3.0,BHARTIARTL,47,21.28,-1853.11,0.3019
12,50.0,1.5,1.0,2.0,RELIANCE,38,28.95,-1292.48,0.2311
12,50.0,1.5,1.0,2.0,TCS,32,31.25,-940.06,0.2492
12,50.0,1.5,1.0,2.0,INFY,19,26.32,-714.25,0.2497
12,50.0,1.5,1.0,2.0,HDFCBANK,32,18.75,-1305.47,0.1538
12,50.0,1.5,1.0,2.0,ICICIBANK,27,14.81,-1218.1,0.0973
12,50.0,1.5,1.0,2.0,SBIN,36,25.0,-1472.54,0.1715
12,50.0,1.5,1.0,2.0,LT,32,25.0,-1104.68,0.2663
12,50.0,1.5,1.0,2.0,AXISBANK,23,47.83,-135.16,0.8398
12,50.0,1.5,1.0,2.0,ITC,55,5.45,-2997.41,0.0465
12,50.0,1.5,1.0,2.0,BHARTIARTL,26,11.54,-1292.86,0.094
12,50.0,1.5,1.0,2.5,RELIANCE,38,26.32,-1189.84,0.3135
12,50.0,1.5,1.0,2.5,TCS,32,28.12,-925.8,0.2981
12,50.0,1.5,1.0,2.5,INFY,19,21.05,-776.35,0.244
12,50.0,1.5,1.0,2.5,HDFCBANK,32,15.62,-1336.29,0.1712
12,50.0,1.5,1.0,2.5,ICICIBANK,27,14.81,-1152.98,0.1456
12,50.0,1.5,1.0,2.5,SBIN,36,25.0,-1337.81,0.2473
12,50.0,1.5,1.0,2.5,LT,32,21.88,-1075.39,0.3157
12,50.0,1.5,1.0,2.5,AXISBANK,23,43.48,-160.49,0.8273
12,50.0,1.5,1.0,2.5,ITC,55,5.45,-2938.88,0.0654
12,50.0,1.5,1.0,2.5,BHARTIARTL,26,11.54,-1237.67,0.1327
12,50.0,1.5,1.0,3.0,RELIANCE,38,26.32,-1021.17,0.4108
12,50.0,1.5,1.0,3.0,TCS,32,28.12,-802.34,0.3917
12,50.0,1.5,1.0,3.0,INFY,19,15.79,-886.43,0.1966
12,50.0,1.5,1.0,3.0,HDFCBANK,32,12.5,-1405.72,0.161
12,50.0,1.5,1.0,3.0,ICICIBANK,27,14.81,-1089.63,0.1925
12,50.0,1.5,1.0,3.0,SBIN,36,25.0,-1203.09,0.3231
12,50.0,1.5,1.0,3.0,LT,32,21.88,-1056.59,0.3276
12,50.0,1.5,1.0,3.0,AXISBANK,23,39.13,-100.73,0.8942
12,50.0,1.5,1.0,3.0,ITC,55,1.82,-3136.14,0.0229
12,50.0,1.5,1.0,3.0,BHARTIARTL,26,11.54,-1221.33,0.1441
12,50.0,1.5,1.2,2.0,RELIANCE,38,28.95,-1240.07,0.3103
12,50.0,1.5,1.2,2.0,TCS,32,28.12,-1086.54,0.2533
12,50.0,1.5,1.2,2.0,INFY,19,26.32,-743.17,0.2979
12,50.0,1.5,1.2,2.0,HDFCBANK,32,25.0,-1177.61,0.2502
12,50.0,1.5,1.2,2.0,ICICIBANK,27,18.52,-1226.86,0.1399
12,50.0,1.5,1.2,2.0,SBIN,36,30.56,-1345.32,0.2677
12,50.0,1.5,1.2,2.0,LT,32,25.0,-1180.11,0.2989
12,50.0,1.5,1.2,2.0,AXISBANK,23,52.17,13.87,1.016
12,50.0,1.5,1.2,2.0,ITC,55,12.73,-2940.18,0.0891
12,50.0,1.5,1.2,2.0,BHARTIARTL,26,19.23,-1137.01,0.2044
12,50.0,1.5,1.2,2.5,RELIANCE,38,28.95,-1018.29,0.4336
12,50.0,1.5,1.2,2.5,TCS,32,28.12,-938.38,0.3551
12,50.0,1.5,1.2,2.5,INFY,19,15.79,-1011.27,0.1766
12,50.0,1.5,1.2,2.5,HDFCBANK,32,21.88,-1174.95,0.2869
12,50.0,1.5,1.2,2.5,ICICIBANK,27,18.52,-1139.74,0.201
12,50.0,1.5,1.2,2.5,SBIN,36,30.56,-1148.18,0.3759
12,50.0,1.5,1.2,2.5,LT,32,25.0,-1117.71,0.3359
12,50.0,1.5,1.2,2.5,AXISBANK,23,47.83,165.8,1.1861
12,50.0,1.5,1.2,2.5,ITC,55,9.09,-3078.4,0.0669
12,50.0,1.5,1.2,2.5,BHARTIARTL,26,19.23,-1066.15,0.254
12,50.0,1.5,1.2,3.0,RELIANCE,38,28.95,-796.46,0.557
12,50.0,1.5,1.2,3.0,TCS,32,28.12,-790.23,0.4569
12,50.0,1.5,1.2,3.0,INFY,19,15.79,-949.79,0.2267
12,50.0,1.5,1.2,3.0,HDFCBANK,32,18.75,-1206.22,0.2975
12,50.0,1.5,1.2,3.0,ICICIBANK,27,14.81,-1183.32,0.2059
12,50.0,1.5,1.2,3.0,SBIN,36,25.0,-1235.88,0.3675
12,50.0,1.5,1.2,3.0,LT,32,21.88,-1131.49,0.3402
12,50.0,1.5,1.2,3.0,AXISBANK,23,39.13,40.67,1.0432
12,50.0,1.5,1.2,3.0,ITC,55,9.09,-3064.53,0.0714
12,50.0,1.5,1.2,3.0,BHARTIARTL,26,19.23,-978.69,0.3152
12,55.0,1.0,1.0,2.0,RELIANCE,66,28.79,-2286.15,0.2137
12,55.0,1.0,1.0,2.0,TCS,46,26.09,-1568.85,0.2044
12,55.0,1.0,1.0,2.0,INFY,39,23.08,-1524.63,0.2477
12,55.0,1.0,1.0,2.0,HDFCBANK,54,18.52,-2280.13,0.1313
12,55.0,1.0,1.0,2.0,ICICIBANK,37,21.62,-1421.34,0.1715
12,55.0,1.0,1.0,2.0,SBIN,55,27.27,-1993.86,0.228
12,55.0,1.0,1.0,2.0,LT,52,32.69,-1385.53,0.356
12,55.0,1.0,1.0,2.0,AXISBANK,45,37.78,-1041.94,0.4711
12,55.0,1.0,1.0,2.0,ITC,71,8.45,-3677.02,0.0593
12,55.0,1.0,1.0,2.0,BHARTIARTL,46,13.04,-2366.87,0.0917
12,55.0,1.0,1.0,2.5,RELIANCE,66,27.27,-2083.23,0.2975
12,55.0,1.0,1.0,2.5,TCS,46,23.91,-1517.92,0.2555
12,55.0,1.0,1.0,2.5,INFY,39,20.51,-1491.17,0.2904
12,55.0,1.0,1.0,2.5,HDFCBANK,54,16.67,-2242.75,0.1656
12,55.0,1.0,1.0,2.5,ICICIBANK,37,18.92,-1434.78,0.1971
12,55.0,1.0,1.0,2.5,SBIN,55,25.45,-1833.2,0.3064
12,55.0,1.0,1.0,2.5,LT,52,28.85,-1329.91,0.4178
12,55.0,1.0,1.0,2.5,AXISBANK,45,35.56,-874.97,0.5743
12,55.0,1.0,1.0,2.5,ITC,71,5.63,-3762.84,0.0639
12,55.0,1.0,1.0,2.5,BHARTIARTL,46,13.04,-2263.46,0.1314
12,55.0,1.0,1.0,3.0,RELIANCE,66,24.24,-2075.13,0.3298
12,55.0,1.0,1.0,3.0,TCS,46,21.74,-1530.49,0.2745
12,55.0,1.0,1.0,3.0,INFY,39,12.82,-1865.7,0.1983
12,55.0,1.0,1.0,3.0,HDFCBANK,54,12.96,-2319.59,0.1611
12,55.0,1.0,1.0,3.0,ICICIBANK,37,18.92,-1319.43,0.2617
12,55.0,1.0,1.0,3.0,SBIN,55,20.0,-2142.91,0.2499
12,55.0,1.0,1.0,3.0,LT,52,25.0,-1337.03,0.4458
12,55.0,1.0,1.0,3.0,AXISBANK,45,31.11,-785.49,0.6321
12,55.0,1.0,1.0,3.0,ITC,71,4.23,-3925.33,0.0359
12,55.0,1.0,1.0,3.0,BHARTIARTL,46,13.04,-2198.89,0.1562
12,55.0,1.0,1.2,2.0,RELIANCE,66,36.36,-1480.52,0.4664
12,55.0,1.0,1.2,2.0,TCS,46,23.91,-1761.41,0.2173
12,55.0,1.0,1.2,2.0,INFY,39,23.08,-1596.4,0.2912
12,55.0,1.0,1.2,2.0,HDFCBANK,54,25.93,-1976.91,0.2497
12,55.0,1.0,1.2,2.0,ICICIBANK,37,21.62,-1561.26,0.1824
12,55.0,1.0,1.2,2.0,SBIN,55,27.27,-1959.91,0.2937
12,55.0,1.0,1.2,2.0,LT,52,32.69,-1406.31,0.4136
12,55.0,1.0,1.2,2.0,AXISBANK,45,42.22,-742.58,0.6366
12,55.0,1.0,1.2,2.0,ITC,71,14.08,-3627.06,0.1052
12,55.0,1.0,1.2,2.0,BHARTIARTL,46,21.74,-2042.78,0.201
12,55.0,1.0,1.2,2.5,RELIANCE,66,33.33,-1343.94,0.5405
12,55.0,1.0,1.2,2.5,TCS,46,21.74,-1750.59,0.2486
12,55.0,1.0,1.2,2.5,INFY,39,12.82,-2089.44,0.1809
12,55.0,1.0,1.2,2.5,HDFCBANK,54,20.37,-2038.59,0.2651
12,55.0,1.0,1.2,2.5,ICICIBANK,37,21.62,-1414.76,0.2591
12,55.0,1.0,1.2,2.5,SBIN,55,21.82,-2103.78,0.2733
12,55.0,1.0,1.2,2.5,LT,52,26.92,-1472.76,0.4333
12,55.0,1.0,1.2,2.5,AXISBANK,45,37.78,-539.83,0.7464
12,55.0,1.0,1.2,2.5,ITC,71,12.68,-3690.44,0.1027
12,55.0,1.0,1.2,2.5,BHARTIARTL,46,21.74,-1886.51,0.2642
12,55.0,1.0,1.2,3.0,RELIANCE,66,31.82,-1165.35,0.6033
12,55.0,1.0,1.2,3.0,TCS,46,21.74,-1584.32,0.3199
12,55.0,1.0,1.2,3.0,INFY,39,12.82,-1967.3,0.2288
12,55.0,1.0,1.2,3.0,HDFCBANK,54,20.37,-1845.11,0.3373
12,55.0,1.0,1.2,3.0,ICICIBANK,37,18.92,-1480.57,0.2569
12,55.0,1.0,1.2,3.0,SBIN,55,18.18,-2193.77,0.2704
12,55.0,1.0,1.2,3.0,LT,52,23.08,-1458.64,0.4576
12,55.0,1.0,1.2,3.0,AXISBANK,45,31.11,-784.8,0.654
12,55.0,1.0,1.2,3.0,ITC,71,12.68,-3621.34,0.1201
12,55.0,1.0,1.2,3.0,BHARTIARTL,46,21.74,-1762.63,0.3125
12,55.0,1.5,1.0,2.0,RELIANCE,38,28.95,-1292.48,0.2311
12,55.0,1.5,1.0,2.0,TCS,32,31.25,-940.06,0.2492
12,55.0,1.5,1.0,2.0,INFY,19,26.32,-714.25,0.2497
12,55.0,1.5,1.0,2.0,HDFCBANK,32,18.75,-1305.47,0.1538
12,55.0,1.5,1.0,2.0,ICICIBANK,27,14.81,-1218.1,0.0973
12,55.0,1.5,1.0,2.0,SBIN,36,25.0,-1472.54,0.1715
12,55.0,1.5,1.0,2.0,LT,32,21.88,-1276.38,0.1981
12,55.0,1.5,1.0,2.0,AXISBANK,22,45.45,-251.71,0.6989
12,55.0,1.5,1.0,2.0,ITC,54,5.56,-2922.03,0.0476
12,55.0,1.5,1.0,2.0,BHARTIARTL,26,11.54,-1292.86,0.094
12,55.0,1.5,1.0,2.5,RELIANCE,38,26.32,-1189.84,0.3135
12,55.0,1.5,1.0,2.5,TCS,32,28.12,-925.8,0.2981
12,55.0,1.5,1.0,2.5,INFY,19,21.05,-776.35,0.244
12,55.0,1.5,1.0,2.5,HDFCBANK,32,15.62,-1336.29,0.1712
12,55.0,1.5,1.0,2.5,ICICIBANK,27,14.81,-1152.98,0.1456
12,55.0,1.5,1.0,2.5,SBIN,36,25.0,-1337.81,0.2473
12,55.0,1.5,1.0,2.5,LT,32,18.75,-1275.63,0.2304
12,55.0,1.5,1.0,2.5,AXISBANK,22,40.91,-227.47,0.7541
12,55.0,1.5,1.0,2.5,ITC,54,5.56,-2864.71,0.067
12,55.0,1.5,1.0,2.5,BHARTIARTL,26,11.54,-1237.67,0.1327
12,55.0,1.5,1.0,3.0,RELIANCE,38,26.32,-1021.17,0.4108
12,55.0,1.5,1.0,3.0,TCS,32,28.12,-802.34,0.3917
12,55.0,1.5,1.0,3.0,INFY,19,15.79,-886.43,0.1966
12,55.0,1.5,1.0,3.0,HDFCBANK,32,12.5,-1405.72,0.161
12,55.0,1.5,1.0,3.0,ICICIBANK,27,14.81,-1089.63,0.1925
12,55.0,1.5,1.0,3.0,SBIN,36,25.0,-1203.09,0.3231
12,55.0,1.5,1.0,3.0,LT,32,18.75,-1165.16,0.297
12,55.0,1.5,1.0,3.0,AXISBANK,22,36.36,-171.74,0.8196
12,55.0,1.5,1.0,3.0,ITC,54,1.85,-3059.53,0.0235
12,55.0,1.5,1.0,3.0,BHARTIARTL,26,11.54,-1221.33,0.1441
12,55.0,1.5,1.2,2.0,RELIANCE,38,28.95,-1240.07,0.3103
12,55.0,1.5,1.2,2.0,TCS,32,28.12,-1086.54,0.2533
12,55.0,1.5,1.2,2.0,INFY,19,26.32,-743.17,0.2979
12,55.0,1.5,1.2,2.0,HDFCBANK,32,25.0,-1177.61,0.2502
12,55.0,1.5,1.2,2.0,ICICIBANK,27,18.52,-1226.86,0.1399
12,55.0,1.5,1.2,2.0,SBIN,36,30.56,-1345.32,0.2677
12,55.0,1.5,1.2,2.0,LT,32,21.88,-1386.13,0.2216
12,55.0,1.5,1.2,2.0,AXISBANK,22,50.0,-57.14,0.9342
12,55.0,1.5,1.2,2.0,ITC,54,12.96,-2854.34,0.0916
12,55.0,1.5,1.2,2.0,BHARTIARTL,26,19.23,-1137.01,0.2044
12,55.0,1.5,1.2,2.5,RELIANCE,38,28.95,-1018.29,0.4336
12,55.0,1.5,1.2,2.5,TCS,32,28.12,-938.38,0.3551
12,55.0,1.5,1.2,2.5,INFY,19,15.79,-1011.27,0.1766
12,55.0,1.5,1.2,2.5,HDFCBANK,32,21.88,-1174.95,0.2869
12,55.0,1.5,1.2,2.5,ICICIBANK,27,18.52,-1139.74,0.201
12,55.0,1.5,1.2,2.5,SBIN,36,30.56,-1148.18,0.3759
12,55.0,1.5,1.2,2.5,LT,32,21.88,-1237.77,0.3049
12,55.0,1.5,1.2,2.5,AXISBANK,22,45.45,94.78,1.1064
12,55.0,1.5,1.2,2.5,ITC,54,9.26,-2992.54,0.0687
12,55.0,1.5,1.2,2.5,BHARTIARTL,26,19.23,-1066.15,0.254
12,55.0,1.5,1.2,3.0,RELIANCE,38,28.95,-796.46,0.557
12,55.0,1.5,1.2,3.0,TCS,32,28.12,-790.23,0.4569
12,55.0,1.5,1.2,3.0,INFY,19,15.79,-949.79,0.2267
12,55.0,1.5,1.2,3.0,HDFCBANK,32,18.75,-1206.22,0.2975
12,55.0,1.5,1.2,3.0,ICICIBANK,27,14.81,-1183.32,0.2059
12,55.0,1.5,1.2,3.0,SBIN,36,25.0,-1235.88,0.3675
12,55.0,1.5,1.2,3.0,LT,32,18.75,-1251.56,0.3095
12,55.0,1.5,1.2,3.0,AXISBANK,22,36.36,-30.35,0.9678
12,55.0,1.5,1.2,3.0,ITC,54,9.26,-2977.52,0.0734
12,55.0,1.5,1.2,3.0,BHARTIARTL,26,19.23,-978.69,0.3152
12,60.0,1.0,1.0,2.0,RELIANCE,61,31.15,-1974.03,0.2394
12,60.0,1.0,1.0,2.0,TCS,44,27.27,-1456.59,0.2168
12,60.0,1.0,1.0,2.0,INFY,36,25.0,-1337.14,0.2729
12,60.0,1.0,1.0,2.0,HDFCBANK,49,18.37,-2083.72,0.1284
12,60.0,1.0,1.0,2.0,ICICIBANK,35,22.86,-1315.75,0.1827
12,60.0,1.0,1.0,2.0,SBIN,54,27.78,-1920.12,0.2351
12,60.0,1.0,1.0,2.0,LT,49,34.69,-1166.34,0.3964
12,60.0,1.0,1.0,2.0,AXISBANK,44,38.64,-972.52,0.4883
12,60.0,1.0,1.0,2.0,ITC,70,8.57,-3629.28,0.0601
12,60.0,1.0,1.0,2.0,BHARTIARTL,44,13.64,-2225.6,0.097
12,60.0,1.0,1.0,2.5,RELIANCE,61,29.51,-1785.2,0.3307
12,60.0,1.0,1.0,2.5,TCS,44,25.0,-1405.65,0.2704
12,60.0,1.0,1.0,2.5,INFY,36,22.22,-1303.69,0.3189
12,60.0,1.0,1.0,2.5,HDFCBANK,49,16.33,-2060.11,0.1594
12,60.0,1.0,1.0,2.5,ICICIBANK,35,20.0,-1326.63,0.211
12,60.0,1.0,1.0,2.5,SBIN,54,25.93,-1760.71,0.3151
12,60.0,1.0,1.0,2.5,LT,49,30.61,-1110.72,0.4621
12,60.0,1.0,1.0,2.5,AXISBANK,44,36.36,-805.56,0.5944
12,60.0,1.0,1.0,2.5,ITC,70,5.71,-3715.09,0.0646
12,60.0,1.0,1.0,2.5,BHARTIARTL,44,13.64,-2122.18,0.1389
12,60.0,1.0,1.0,3.0,RELIANCE,61,26.23,-1771.66,0.3657
12,60.0,1.0,1.0,3.0,TCS,44,22.73,-1418.22,0.2899
12,60.0,1.0,1.0,3.0,INFY,36,13.89,-1674.08,0.2161
12,60.0,1.0,1.0,3.0,HDFCBANK,49,12.24,-2156.86,0.1477
12,60.0,1.0,1.0,3.0,ICICIBANK,35,20.0,-1213.84,0.2781
12,60.0,1.0,1.0,3.0,SBIN,54,20.37,-2070.41,0.2564
12,60.0,1.0,1.0,3.0,LT,49,26.53,-1117.83,0.4903
12,60.0,1.0,1.0,3.0,AXISBANK,44,31.82,-719.73,0.6522
12,60.0,1.0,1.0,3.0,ITC,70,4.29,-3877.58,0.0364
12,60.0,1.0,1.0,3.0,BHARTIARTL,44,13.64,-2064.18,0.1647
12,60.0,1.0,1.2,2.0,RELIANCE,61,37.7,-1272.12,0.4923
12,60.0,1.0,1.2,2.0,TCS,44,25.0,-1637.67,0.2299
12,60.0,1.0,1.2,2.0,INFY,36,25.0,-1384.32,0.3215
12,60.0,1.0,1.2,2.0,HDFCBANK,49,26.53,-1760.17,0.2564
12,60.0,1.0,1.2,2.0,ICICIBANK,35,22.86,-1446.46,0.1941
12,60.0,1.0,1.2,2.0,SBIN,54,27.78,-1877.21,0.3031
12,60.0,1.0,1.2,2.0,LT,49,34.69,-1160.74,0.4608
12,60.0,1.0,1.2,2.0,AXISBANK,44,43.18,-665.41,0.6616
12,60.0,1.0,1.2,2.0,ITC,70,14.29,-3574.53,0.1066
12,60.0,1.0,1.2,2.0,BHARTIARTL,44,22.73,-1892.36,0.2136
12,60.0,1.0,1.2,2.5,RELIANCE,61,36.07,-986.41,0.6165
12,60.0,1.0,1.2,2.5,TCS,44,22.73,-1626.85,0.2625
12,60.0,1.0,1.2,2.5,INFY,36,13.89,-1877.36,0.1973
12,60.0,1.0,1.2,2.5,HDFCBANK,49,20.41,-1849.2,0.2641
12,60.0,1.0,1.2,2.5,ICICIBANK,35,22.86,-1296.45,0.2776
12,60.0,1.0,1.2,2.5,SBIN,54,22.22,-2022.88,0.2812
12,60.0,1.0,1.2,2.5,LT,49,28.57,-1243.26,0.4752
12,60.0,1.0,1.2,2.5,AXISBANK,44,38.64,-462.66,0.7745
12,60.0,1.0,1.2,2.5,ITC,70,12.86,-3639.03,0.104
12,60.0,1.0,1.2,2.5,BHARTIARTL,44,22.73,-1734.48,0.2809
12,60.0,1.0,1.2,3.0,RELIANCE,61,34.43,-813.11,0.6855
12,60.0,1.0,1.2,3.0,TCS,44,22.73,-1460.58,0.3379
12,60.0,1.0,1.2,3.0,INFY,36,13.89,-1755.22,0.2496
12,60.0,1.0,1.2,3.0,HDFCBANK,49,20.41,-1669.03,0.3367
12,60.0,1.0,1.2,3.0,ICICIBANK,35,20.0,-1365.77,0.2726
12,60.0,1.0,1.2,3.0,SBIN,54,18.52,-2115.87,0.2776
12,60.0,1.0,1.2,3.0,LT,49,24.49,-1229.14,0.5003
12,60.0,1.0,1.2,3.0,AXISBANK,44,31.82,-707.64,0.6771
12,60.0,1.0,1.2,3.0,ITC,70,12.86,-3568.82,0.1216
12,60.0,1.0,1.2,3.0,BHARTIARTL,44,22.73,-1610.6,0.3322
12,60.0,1.5,1.0,2.0,RELIANCE,35,31.43,-1098.7,0.2612
12,60.0,1.5,1.0,2.0,TCS,32,31.25,-940.06,0.2492
12,60.0,1.5,1.0,2.0,INFY,19,26.32,-714.25,0.2497
12,60.0,1.5,1.0,2.0,HDFCBANK,29,20.69,-1123.53,0.176
12,60.0,1.5,1.0,2.0,ICICIBANK,25,16.0,-1110.75,0.107
12,60.0,1.5,1.0,2.0,SBIN,35,25.71,-1400.26,0.1787
12,60.0,1.5,1.0,2.0,LT,29,24.14,-1057.19,0.2297
12,60.0,1.5,1.0,2.0,AXISBANK,21,47.62,-189.99,0.7546
12,60.0,1.5,1.0,2.0,ITC,53,5.66,-2872.77,0.0484
12,60.0,1.5,1.0,2.0,BHARTIARTL,25,12.0,-1216.89,0.0993
12,60.0,1.5,1.0,2.5,RELIANCE,35,28.57,-996.05,0.353
12,60.0,1.5,1.0,2.5,TCS,32,28.12,-925.8,0.2981
12,60.0,1.5,1.0,2.5,INFY,19,21.05,-776.35,0.244
12,60.0,1.5,1.0,2.5,HDFCBANK,29,17.24,-1156.99,0.1926
12,60.0,1.5,1.0,2.5,ICICIBANK,25,16.0,-1047.39,0.1579
12,60.0,1.5,1.0,2.5,SBIN,35,25.71,-1265.53,0.2578
12,60.0,1.5,1.0,2.5,LT,29,20.69,-1056.44,0.2655
12,60.0,1.5,1.0,2.5,AXISBANK,21,42.86,-162.09,0.8115
12,60.0,1.5,1.0,2.5,ITC,53,5.66,-2815.45,0.0681
12,60.0,1.5,1.0,2.5,BHARTIARTL,25,12.0,-1161.7,0.1401
12,60.0,1.5,1.0,3.0,RELIANCE,35,28.57,-827.39,0.4626
12,60.0,1.5,1.0,3.0,TCS,32,28.12,-802.34,0.3917
12,60.0,1.5,1.0,3.0,INFY,19,15.79,-886.43,0.1966
12,60.0,1.5,1.0,3.0,HDFCBANK,29,13.79,-1232.74,0.1796
12,60.0,1.5,1.0,3.0,ICICIBANK,25,16.0,-984.05,0.2088
12,60.0,1.5,1.0,3.0,SBIN,35,25.71,-1130.8,0.3368
12,60.0,1.5,1.0,3.0,LT,29,20.69,-945.96,0.3423
12,60.0,1.5,1.0,3.0,AXISBANK,21,38.1,-102.33,0.884
12,60.0,1.5,1.0,3.0,ITC,53,1.89,-3010.26,0.0239
12,60.0,1.5,1.0,3.0,BHARTIARTL,25,12.0,-1145.35,0.1522
12,60.0,1.5,1.2,2.0,RELIANCE,35,31.43,-1025.66,0.3523
12,60.0,1.5,1.2,2.0,TCS,32,28.12,-1086.54,0.2533
12,60.0,1.5,1.2,2.0,INFY,19,26.32,-743.17,0.2979
12,60.0,1.5,1.2,2.0,HDFCBANK,29,27.59,-975.05,0.2921
12,60.0,1.5,1.2,2.0,ICICIBANK,25,20.0,-1112.06,0.1522
12,60.0,1.5,1.2,2.0,SBIN,35,31.43,-1264.86,0.2809
12,60.0,1.5,1.2,2.0,LT,29,24.14,-1140.56,0.257
12,60.0,1.5,1.2,2.0,AXISBANK,21,52.38,20.02,1.0253
12,60.0,1.5,1.2,2.0,ITC,53,13.21,-2801.26,0.0932
12,60.0,1.5,1.2,2.0,BHARTIARTL,25,20.0,-1051.58,0.2174
12,60.0,1.5,1.2,2.5,RELIANCE,35,31.43,-803.87,0.4923
12,60.0,1.5,1.2,2.5,TCS,32,28.12,-938.38,0.3551
12,60.0,1.5,1.2,2.5,INFY,19,15.79,-1011.27,0.1766
12,60.0,1.5,1.2,2.5,HDFCBANK,29,24.14,-981.78,0.325
12,60.0,1.5,1.2,2.5,ICICIBANK,25,20.0,-1021.2,0.2215
12,60.0,1.5,1.2,2.5,SBIN,35,31.43,-1070.03,0.3926
12,60.0,1.5,1.2,2.5,LT,29,24.14,-992.2,0.3537
12,60.0,1.5,1.2,2.5,AXISBANK,21,47.62,171.95,1.2113
12,60.0,1.5,1.2,2.5,ITC,53,9.43,-2939.46,0.0698
12,60.0,1.5,1.2,2.5,BHARTIARTL,25,20.0,-980.73,0.2701
12,60.0,1.5,1.2,3.0,RELIANCE,35,31.43,-587.14,0.6304
12,60.0,1.5,1.2,3.0,TCS,32,28.12,-790.23,0.4569
12,60.0,1.5,1.2,3.0,INFY,19,15.79,-949.79,0.2267
12,60.0,1.5,1.2,3.0,HDFCBANK,29,20.69,-1013.04,0.3353
12,60.0,1.5,1.2,3.0,ICICIBANK,25,16.0,-1068.52,0.2231
12,60.0,1.5,1.2,3.0,SBIN,35,25.71,-1154.81,0.3835
12,60.0,1.5,1.2,3.0,LT,29,20.69,-1005.98,0.358
12,60.0,1.5,1.2,3.0,AXISBANK,21,38.1,46.82,1.0542
12,60.0,1.5,1.2,3.0,ITC,53,9.43,-2924.43,0.0746
12,60.0,1.5,1.2,3.0,BHARTIARTL,25,20.0,-893.26,0.3352
15,50.0,1.0,1.0,2.0,RELIANCE,55,29.09,-1875.99,0.2187
15,50.0,1.0,1.0,2.0,TCS,39,28.21,-1272.29,0.2036
15,50.0,1.0,1.0,2.0,INFY,32,25.0,-1194.88,0.2679
15,50.0,1.0,1.0,2.0,HDFCBANK,44,18.18,-1841.14,0.1361
15,50.0,1.0,1.0,2.0,ICICIBANK,31,25.81,-1034.3,0.2211
15,50.0,1.0,1.0,2.0,SBIN,47,27.66,-1795.34,0.2015
15,50.0,1.0,1.0,2.0,LT,44,29.55,-1242.23,0.3321
15,50.0,1.0,1.0,2.0,AXISBANK,37,37.84,-756.24,0.5183
15,50.0,1.0,1.0,2.0,ITC,55,9.09,-2947.34,0.0386
15,50.0,1.0,1.0,2.0,BHARTIARTL,40,12.5,-2099.93,0.0821
15,50.0,1.0,1.0,2.5,RELIANCE,55,25.45,-1826.53,0.2746
15,50.0,1.0,1.0,2.5,TCS,39,25.64,-1247.95,0.2502
15,50.0,1.0,1.0,2.5,INFY,32,21.88,-1185.18,0.3057
15,50.0,1.0,1.0,2.5,HDFCBANK,44,15.91,-1832.24,0.165
15,50.0,1.0,1.0,2.5,ICICIBANK,31,22.58,-1045.29,0.253
15,50.0,1.0,1.0,2.5,SBIN,47,25.53,-1695.18,0.2658
15,50.0,1.0,1.0,2.5,LT,44,27.27,-1124.18,0.4162
15,50.0,1.0,1.0,2.5,AXISBANK,37,35.14,-732.6,0.5574
15,50.0,1.0,1.0,2.5,ITC,55,5.45,-3073.38,0.0336
15,50.0,1.0,1.0,2.5,BHARTIARTL,40,12.5,-2016.33,0.1186
15,50.0,1.0,1.0,3.0,RELIANCE,55,21.82,-1865.28,0.2945
15,50.0,1.0,1.0,3.0,TCS,39,20.51,-1453.86,0.1953
15,50.0,1.0,1.0,3.0,INFY,32,12.5,-1579.34,0.1811
15,50.0,1.0,1.0,3.0,HDFCBANK,44,11.36,-1937.14,0.147
15,50.0,1.0,1.0,3.0,ICICIBANK,31,22.58,-932.62,0.3335
15,50.0,1.0,1.0,3.0,SBIN,47,19.15,-2058.58,0.184
15,50.0,1.0,1.0,3.0,LT,44,25.0,-1152.79,0.4199
15,50.0,1.0,1.0,3.0,AXISBANK,37,29.73,-736.87,0.5762
15,50.0,1.0,1.0,3.0,ITC,55,3.64,-3135.36,0.0308
15,50.0,1.0,1.0,3.0,BHARTIARTL,40,12.5,-1971.56,0.1382
15,50.0,1.0,1.2,2.0,RELIANCE,55,30.91,-1524.71,0.3851
15,50.0,1.0,1.2,2.0,TCS,39,25.64,-1444.79,0.2125
15,50.0,1.0,1.2,2.0,INFY,32,25.0,-1242.19,0.3154
15,50.0,1.0,1.2,2.0,HDFCBANK,44,22.73,-1753.48,0.2105
15,50.0,1.0,1.2,2.0,ICICIBANK,31,25.81,-1133.18,0.2346
15,50.0,1.0,1.2,2.0,SBIN,47,29.79,-1671.37,0.2869
15,50.0,1.0,1.2,2.0,LT,44,31.82,-1175.86,0.4148
15,50.0,1.0,1.2,2.0,AXISBANK,37,43.24,-528.1,0.6678
15,50.0,1.0,1.2,2.0,ITC,55,14.55,-2981.25,0.0706
15,50.0,1.0,1.2,2.0,BHARTIARTL,40,20.0,-1837.22,0.1873
15,50.0,1.0,1.2,2.5,RELIANCE,55,29.09,-1340.07,0.4733
15,50.0,1.0,1.2,2.5,TCS,39,20.51,-1640.95,0.177
15,50.0,1.0,1.2,2.5,INFY,32,12.5,-1759.25,0.1657
15,50.0,1.0,1.2,2.5,HDFCBANK,44,15.91,-1902.72,0.1972
15,50.0,1.0,1.2,2.5,ICICIBANK,31,25.81,-983.12,0.336
15,50.0,1.0,1.2,2.5,SBIN,47,23.4,-1889.44,0.2333
15,50.0,1.0,1.2,2.5,LT,44,29.55,-1132.48,0.4549
15,50.0,1.0,1.2,2.5,AXISBANK,37,37.84,-437.49,0.7394
15,50.0,1.0,1.2,2.5,ITC,55,12.73,-2974.32,0.0907
15,50.0,1.0,1.2,2.5,BHARTIARTL,40,20.0,-1710.86,0.2432
15,50.0,1.0,1.2,3.0,RELIANCE,55,27.27,-1230.36,0.518
15,50.0,1.0,1.2,3.0,TCS,39,20.51,-1531.59,0.2318
15,50.0,1.0,1.2,3.0,INFY,32,12.5,-1665.61,0.2101
15,50.0,1.0,1.2,3.0,HDFCBANK,44,15.91,-1776.3,0.2506
15,50.0,1.0,1.2,3.0,ICICIBANK,31,19.35,-1188.5,0.2696
15,50.0,1.0,1.2,3.0,SBIN,47,19.15,-2033.96,0.2104
15,50.0,1.0,1.2,3.0,LT,44,27.27,-1045.82,0.5105
15,50.0,1.0,1.2,3.0,AXISBANK,37,32.43,-549.28,0.6831
15,50.0,1.0,1.2,3.0,ITC,55,12.73,-2931.26,0.1039
15,50.0,1.0,1.2,3.0,BHARTIARTL,40,20.0,-1624.14,0.2816
15,50.0,1.5,1.0,2.0,RELIANCE,29,31.03,-923.6,0.2386
15,50.0,1.5,1.0,2.0,TCS,27,29.63,-833.21,0.2063
15,50.0,1.5,1.0,2.0,INFY,14,35.71,-373.28,0.3891
15,50.0,1.5,1.0,2.0,HDFCBANK,26,19.23,-1021.68,0.1728
15,50.0,1.5,1.0,2.0,ICICIBANK,22,18.18,-920.49,0.1263
15,50.0,1.5,1.0,2.0,SBIN,32,21.88,-1474.83,0.1183
15,50.0,1.5,1.0,2.0,LT,24,16.67,-1045.51,0.171
15,50.0,1.5,1.0,2.0,AXISBANK,20,45.0,-161.07,0.792
15,50.0,1.5,1.0,2.0,ITC,40,7.5,-2183.75,0.0299
15,50.0,1.5,1.0,2.0,BHARTIARTL,22,9.09,-1142.91,0.0723
15,50.0,1.5,1.0,2.5,RELIANCE,29,27.59,-860.56,0.3199
15,50.0,1.5,1.0,2.5,TCS,27,25.93,-857.1,0.2325
15,50.0,1.5,1.0,2.5,INFY,14,28.57,-435.37,0.3653
15,50.0,1.5,1.0,2.5,HDFCBANK,26,15.38,-1065.44,0.1834
15,50.0,1.5,1.0,2.5,ICICIBANK,22,18.18,-857.13,0.1864
15,50.0,1.5,1.0,2.5,SBIN,32,21.88,-1382.14,0.1737
15,50.0,1.5,1.0,2.5,LT,24,12.5,-1091.12,0.1778
15,50.0,1.5,1.0,2.5,AXISBANK,20,40.0,-221.35,0.7413
15,50.0,1.5,1.0,2.5,ITC,40,7.5,-2143.95,0.0475
15,50.0,1.5,1.0,2.5,BHARTIARTL,22,9.09,-1105.99,0.1022
15,50.0,1.5,1.0,3.0,RELIANCE,29,27.59,-731.48,0.4219
15,50.0,1.5,1.0,3.0,TCS,27,22.22,-938.51,0.2102
15,50.0,1.5,1.0,3.0,INFY,14,21.43,-545.46,0.2846
15,50.0,1.5,1.0,3.0,HDFCBANK,26,11.54,-1154.13,0.1602
15,50.0,1.5,1.0,3.0,ICICIBANK,22,18.18,-793.79,0.2466
15,50.0,1.5,1.0,3.0,SBIN,32,21.88,-1289.46,0.2291
15,50.0,1.5,1.0,3.0,LT,24,12.5,-1147.2,0.1355
15,50.0,1.5,1.0,3.0,AXISBANK,20,35.0,-200.57,0.7717
15,50.0,1.5,1.0,3.0,ITC,40,5.0,-2207.35,0.0432
15,50.0,1.5,1.0,3.0,BHARTIARTL,22,9.09,-1107.92,0.1007
15,50.0,1.5,1.2,2.0,RELIANCE,29,27.59,-968.03,0.2814
15,50.0,1.5,1.2,2.0,TCS,27,29.63,-885.44,0.2409
15,50.0,1.5,1.2,2.0,INFY,14,35.71,-363.99,0.4642
15,50.0,1.5,1.2,2.0,HDFCBANK,26,23.08,-985.45,0.2421
15,50.0,1.5,1.2,2.0,ICICIBANK,22,22.73,-899.44,0.1835
15,50.0,1.5,1.2,2.0,SBIN,32,28.12,-1372.23,0.2038
15,50.0,1.5,1.2,2.0,LT,24,16.67,-1154.63,0.1826
15,50.0,1.5,1.2,2.0,AXISBANK,20,50.0,-35.47,0.9551
15,50.0,1.5,1.2,2.0,ITC,40,17.5,-2050.9,0.0863
15,50.0,1.5,1.2,2.0,BHARTIARTL,22,18.18,-979.82,0.1917
15,50.0,1.5,1.2,2.5,RELIANCE,29,27.59,-813.16,0.3964
15,50.0,1.5,1.2,2.5,TCS,27,25.93,-941.37,0.2447
15,50.0,1.5,1.2,2.5,INFY,14,21.43,-632.08,0.2555
15,50.0,1.5,1.2,2.5,HDFCBANK,26,19.23,-1023.71,0.2569
15,50.0,1.5,1.2,2.5,ICICIBANK,22,22.73,-811.12,0.2637
15,50.0,1.5,1.2,2.5,SBIN,32,28.12,-1226.26,0.2885
15,50.0,1.5,1.2,2.5,LT,24,16.67,-1182.1,0.1631
15,50.0,1.5,1.2,2.5,AXISBANK,20,45.0,69.67,1.0856
15,50.0,1.5,1.2,2.5,ITC,40,15.0,-2057.35,0.1078
15,50.0,1.5,1.2,2.5,BHARTIARTL,22,18.18,-930.9,0.232
15,50.0,1.5,1.2,3.0,RELIANCE,29,27.59,-658.26,0.5113
15,50.0,1.5,1.2,3.0,TCS,27,25.93,-847.24,0.3202
15,50.0,1.5,1.2,3.0,INFY,14,21.43,-570.6,0.3279
15,50.0,1.5,1.2,3.0,HDFCBANK,26,15.38,-1090.3,0.2465
15,50.0,1.5,1.2,3.0,ICICIBANK,22,18.18,-858.44,0.2633
15,50.0,1.5,1.2,3.0,SBIN,32,21.88,-1327.85,0.2765
15,50.0,1.5,1.2,3.0,LT,24,16.67,-1123.59,0.2045
15,50.0,1.5,1.2,3.0,AXISBANK,20,35.0,-102.24,0.8817
15,50.0,1.5,1.2,3.0,ITC,40,15.0,-2031.02,0.1192
15,50.0,1.5,1.2,3.0,BHARTIARTL,22,18.18,-865.37,0.2861
15,55.0,1.0,1.0,2.0,RELIANCE,55,29.09,-1875.99,0.2187
15,55.0,1.0,1.0,2.0,TCS,39,28.21,-1272.29,0.2036
15,55.0,1.0,1.0,2.0,INFY,32,25.0,-1194.88,0.2679
15,55.0,1.0,1.0,2.0,HDFCBANK,44,18.18,-1841.14,0.1361
15,55.0,1.0,1.0,2.0,ICICIBANK,31,25.81,-1034.3,0.2211
15,55.0,1.0,1.0,2.0,SBIN,47,27.66,-1795.34,0.2015
15,55.0,1.0,1.0,2.0,LT,44,27.27,-1413.93,0.2734
15,55.0,1.0,1.0,2.0,AXISBANK,36,36.11,-876.79,0.4401
15,55.0,1.0,1.0,2.0,ITC,55,9.09,-2948.39,0.0385
15,55.0,1.0,1.0,2.0,BHARTIARTL,39,12.82,-2015.4,0.0852
15,55.0,1.0,1.0,2.5,RELIANCE,55,25.45,-1826.53,0.2746
15,55.0,1.0,1.0,2.5,TCS,39,25.64,-1247.95,0.2502
15,55.0,1.0,1.0,2.5,INFY,32,21.88,-1185.18,0.3057
15,55.0,1.0,1.0,2.5,HDFCBANK,44,15.91,-1832.24,0.165
15,55.0,1.0,1.0,2.5,ICICIBANK,31,22.58,-1045.29,0.253
15,55.0,1.0,1.0,2.5,SBIN,47,25.53,-1695.18,0.2658
15,55.0,1.0,1.0,2.5,LT,44,25.0,-1324.41,0.3417
15,55.0,1.0,1.0,2.5,AXISBANK,36,33.33,-799.92,0.5157
15,55.0,1.0,1.0,2.5,ITC,55,5.45,-3074.43,0.0336
15,55.0,1.0,1.0,2.5,BHARTIARTL,39,12.82,-1931.79,0.1232
15,55.0,1.0,1.0,3.0,RELIANCE,55,21.82,-1865.28,0.2945
15,55.0,1.0,1.0,3.0,TCS,39,20.51,-1453.86,0.1953
15,55.0,1.0,1.0,3.0,INFY,32,12.5,-1579.34,0.1811
15,55.0,1.0,1.0,3.0,HDFCBANK,44,11.36,-1937.14,0.147
15,55.0,1.0,1.0,3.0,ICICIBANK,31,22.58,-932.62,0.3335
15,55.0,1.0,1.0,3.0,SBIN,47,19.15,-2058.58,0.184
15,55.0,1.0,1.0,3.0,LT,44,22.73,-1261.36,0.3916
15,55.0,1.0,1.0,3.0,AXISBANK,36,27.78,-804.18,0.5365
15,55.0,1.0,1.0,3.0,ITC,55,3.64,-3136.42,0.0308
15,55.0,1.0,1.0,3.0,BHARTIARTL,39,12.82,-1887.03,0.1435
15,55.0,1.0,1.2,2.0,RELIANCE,55,30.91,-1524.71,0.3851
15,55.0,1.0,1.2,2.0,TCS,39,25.64,-1444.79,0.2125
15,55.0,1.0,1.2,2.0,INFY,32,25.0,-1242.19,0.3154
15,55.0,1.0,1.2,2.0,HDFCBANK,44,22.73,-1753.48,0.2105
15,55.0,1.0,1.2,2.0,ICICIBANK,31,25.81,-1133.18,0.2346
15,55.0,1.0,1.2,2.0,SBIN,47,29.79,-1671.37,0.2869
15,55.0,1.0,1.2,2.0,LT,44,29.55,-1381.89,0.3441
15,55.0,1.0,1.2,2.0,AXISBANK,36,41.67,-599.12,0.6231
15,55.0,1.0,1.2,2.0,ITC,55,14.55,-2982.52,0.0706
15,55.0,1.0,1.2,2.0,BHARTIARTL,39,20.51,-1741.79,0.1956
15,55.0,1.0,1.2,2.5,RELIANCE,55,29.09,-1340.07,0.4733
15,55.0,1.0,1.2,2.5,TCS,39,20.51,-1640.95,0.177
15,55.0,1.0,1.2,2.5,INFY,32,12.5,-1759.25,0.1657
15,55.0,1.0,1.2,2.5,HDFCBANK,44,15.91,-1902.72,0.1972
15,55.0,1.0,1.2,2.5,ICICIBANK,31,25.81,-983.12,0.336
15,55.0,1.0,1.2,2.5,SBIN,47,23.4,-1889.44,0.2333
15,55.0,1.0,1.2,2.5,LT,44,27.27,-1252.55,0.4241
15,55.0,1.0,1.2,2.5,AXISBANK,36,36.11,-504.48,0.6988
15,55.0,1.0,1.2,2.5,ITC,55,12.73,-2975.59,0.0907
15,55.0,1.0,1.2,2.5,BHARTIARTL,39,20.51,-1621.08,0.2533
15,55.0,1.0,1.2,3.0,RELIANCE,55,27.27,-1230.36,0.518
15,55.0,1.0,1.2,3.0,TCS,39,20.51,-1531.59,0.2318
15,55.0,1.0,1.2,3.0,INFY,32,12.5,-1665.61,0.2101
15,55.0,1.0,1.2,3.0,HDFCBANK,44,15.91,-1776.3,0.2506
15,55.0,1.0,1.2,3.0,ICICIBANK,31,19.35,-1188.5,0.2696
15,55.0,1.0,1.2,3.0,SBIN,47,19.15,-2033.96,0.2104
15,55.0,1.0,1.2,3.0,LT,44,25.0,-1165.89,0.4781
15,55.0,1.0,1.2,3.0,AXISBANK,36,30.56,-616.17,0.6437
15,55.0,1.0,1.2,3.0,ITC,55,12.73,-2932.53,0.1039
15,55.0,1.0,1.2,3.0,BHARTIARTL,39,20.51,-1534.36,0.2932
15,55.0,1.5,1.0,2.0,RELIANCE,29,31.03,-923.6,0.2386
15,55.0,1.5,1.0,2.0,TCS,27,29.63,-833.21,0.2063
15,55.0,1.5,1.0,2.0,INFY,14,35.71,-373.28,0.3891
15,55.0,1.5,1.0,2.0,HDFCBANK,26,19.23,-1021.68,0.1728
15,55.0,1.5,1.0,2.0,ICICIBANK,22,18.18,-920.49,0.1263
15,55.0,1.5,1.0,2.0,SBIN,32,21.88,-1474.83,0.1183
15,55.0,1.5,1.0,2.0,LT,24,12.5,-1217.2,0.0965
15,55.0,1.5,1.0,2.0,AXISBANK,19,42.11,-281.28,0.6348
15,55.0,1.5,1.0,2.0,ITC,39,7.69,-2106.1,0.0309
15,55.0,1.5,1.0,2.0,BHARTIARTL,22,9.09,-1142.91,0.0723
15,55.0,1.5,1.0,2.5,RELIANCE,29,27.59,-860.56,0.3199
15,55.0,1.5,1.0,2.5,TCS,27,25.93,-857.1,0.2325
15,55.0,1.5,1.0,2.5,INFY,14,28.57,-435.37,0.3653
15,55.0,1.5,1.0,2.5,HDFCBANK,26,15.38,-1065.44,0.1834
15,55.0,1.5,1.0,2.5,ICICIBANK,22,18.18,-857.13,0.1864
15,55.0,1.5,1.0,2.5,SBIN,32,21.88,-1382.14,0.1737
15,55.0,1.5,1.0,2.5,LT,24,8.33,-1291.36,0.0861
15,55.0,1.5,1.0,2.5,AXISBANK,19,36.84,-292.37,0.6583
15,55.0,1.5,1.0,2.5,ITC,39,7.69,-2066.3,0.0492
15,55.0,1.5,1.0,2.5,BHARTIARTL,22,9.09,-1105.99,0.1022
15,55.0,1.5,1.0,3.0,RELIANCE,29,27.59,-731.48,0.4219
15,55.0,1.5,1.0,3.0,TCS,27,22.22,-938.51,0.2102
15,55.0,1.5,1.0,3.0,INFY,14,21.43,-545.46,0.2846
15,55.0,1.5,1.0,3.0,HDFCBANK,26,11.54,-1154.13,0.1602
15,55.0,1.5,1.0,3.0,ICICIBANK,22,18.18,-793.79,0.2466
15,55.0,1.5,1.0,3.0,SBIN,32,21.88,-1289.46,0.2291
15,55.0,1.5,1.0,3.0,LT,24,8.33,-1255.77,0.1113
15,55.0,1.5,1.0,3.0,AXISBANK,19,31.58,-271.58,0.6908
15,55.0,1.5,1.0,3.0,ITC,39,5.13,-2129.7,0.0448
15,55.0,1.5,1.0,3.0,BHARTIARTL,22,9.09,-1107.92,0.1007
15,55.0,1.5,1.2,2.0,RELIANCE,29,27.59,-968.03,0.2814
15,55.0,1.5,1.2,2.0,TCS,27,29.63,-885.44,0.2409
15,55.0,1.5,1.2,2.0,INFY,14,35.71,-363.99,0.4642
15,55.0,1.5,1.2,2.0,HDFCBANK,26,23.08,-985.45,0.2421
15,55.0,1.5,1.2,2.0,ICICIBANK,22,22.73,-899.44,0.1835
15,55.0,1.5,1.2,2.0,SBIN,32,28.12,-1372.23,0.2038
15,55.0,1.5,1.2,2.0,LT,24,12.5,-1360.66,0.0989
15,55.0,1.5,1.2,2.0,AXISBANK,19,47.37,-106.49,0.8653
15,55.0,1.5,1.2,2.0,ITC,39,17.95,-1963.88,0.0897
15,55.0,1.5,1.2,2.0,BHARTIARTL,22,18.18,-979.82,0.1917
15,55.0,1.5,1.2,2.5,RELIANCE,29,27.59,-813.16,0.3964
15,55.0,1.5,1.2,2.5,TCS,27,25.93,-941.37,0.2447
15,55.0,1.5,1.2,2.5,INFY,14,21.43,-632.08,0.2555
15,55.0,1.5,1.2,2.5,HDFCBANK,26,19.23,-1023.71,0.2569
15,55.0,1.5,1.2,2.5,ICICIBANK,22,22.73,-811.12,0.2637
15,55.0,1.5,1.2,2.5,SBIN,32,28.12,-1226.26,0.2885
15,55.0,1.5,1.2,2.5,LT,24,12.5,-1302.17,0.1377
15,55.0,1.5,1.2,2.5,AXISBANK,19,42.11,-1.35,0.9983
15,55.0,1.5,1.2,2.5,ITC,39,15.38,-1970.34,0.112
15,55.0,1.5,1.2,2.5,BHARTIARTL,22,18.18,-930.9,0.232
15,55.0,1.5,1.2,3.0,RELIANCE,29,27.59,-658.26,0.5113
15,55.0,1.5,1.2,3.0,TCS,27,25.93,-847.24,0.3202
15,55.0,1.5,1.2,3.0,INFY,14,21.43,-570.6,0.3279
15,55.0,1.5,1.2,3.0,HDFCBANK,26,15.38,-1090.3,0.2465
15,55.0,1.5,1.2,3.0,ICICIBANK,22,18.18,-858.44,0.2633
15,55.0,1.5,1.2,3.0,SBIN,32,21.88,-1327.85,0.2765
15,55.0,1.5,1.2,3.0,LT,24,12.5,-1243.65,0.1764
15,55.0,1.5,1.2,3.0,AXISBANK,19,31.58,-178.84,0.793
15,55.0,1.5,1.2,3.0,ITC,39,15.38,-1944.01,0.1239
15,55.0,1.5,1.2,3.0,BHARTIARTL,22,18.18,-865.37,0.2861
15,60.0,1.0,1.0,2.0,RELIANCE,52,30.77,-1679.71,0.239
15,60.0,1.0,1.0,2.0,TCS,38,28.95,-1227.89,0.2094
15,60.0,1.0,1.0,2.0,INFY,30,26.67,-1069.25,0.2902
15,60.0,1.0,1.0,2.0,HDFCBANK,40,17.5,-1695.62,0.1295
15,60.0,1.0,1.0,2.0,ICICIBANK,29,27.59,-928.72,0.2402
15,60.0,1.0,1.0,2.0,SBIN,46,28.26,-1725.77,0.208
15,60.0,1.0,1.0,2.0,LT,42,28.57,-1267.75,0.2956
15,60.0,1.0,1.0,2.0,AXISBANK,36,36.11,-876.79,0.4401
15,60.0,1.0,1.0,2.0,ITC,54,9.26,-2899.61,0.0392
15,60.0,1.0,1.0,2.0,BHARTIARTL,38,13.16,-1950.1,0.0878
15,60.0,1.0,1.0,2.5,RELIANCE,52,26.92,-1634.03,0.2985
15,60.0,1.0,1.0,2.5,TCS,38,26.32,-1203.55,0.2571
15,60.0,1.0,1.0,2.5,INFY,30,23.33,-1059.55,0.33
15,60.0,1.0,1.0,2.5,HDFCBANK,40,15.0,-1709.99,0.1524
15,60.0,1.0,1.0,2.5,ICICIBANK,29,24.14,-939.7,0.2737
15,60.0,1.0,1.0,2.5,SBIN,46,26.09,-1622.9,0.2744
15,60.0,1.0,1.0,2.5,LT,42,26.19,-1178.23,0.3684
15,60.0,1.0,1.0,2.5,AXISBANK,36,33.33,-799.92,0.5157
15,60.0,1.0,1.0,2.5,ITC,54,5.56,-3025.65,0.0342
15,60.0,1.0,1.0,2.5,BHARTIARTL,38,13.16,-1866.49,0.127
15,60.0,1.0,1.0,3.0,RELIANCE,52,23.08,-1675.44,0.3172
15,60.0,1.0,1.0,3.0,TCS,38,21.05,-1397.24,0.2016
15,60.0,1.0,1.0,3.0,INFY,30,13.33,-1457.84,0.1933
15,60.0,1.0,1.0,3.0,HDFCBANK,40,10.0,-1831.66,0.1252
15,60.0,1.0,1.0,3.0,ICICIBANK,29,24.14,-831.25,0.3596
15,60.0,1.0,1.0,3.0,SBIN,46,19.57,-1986.29,0.1894
15,60.0,1.0,1.0,3.0,LT,42,23.81,-1115.18,0.4213
15,60.0,1.0,1.0,3.0,AXISBANK,36,27.78,-804.18,0.5365
15,60.0,1.0,1.0,3.0,ITC,54,3.7,-3089.05,0.0313
15,60.0,1.0,1.0,3.0,BHARTIARTL,38,13.16,-1821.73,0.1479
15,60.0,1.0,1.2,2.0,RELIANCE,52,32.69,-1312.9,0.4211
15,60.0,1.0,1.2,2.0,TCS,38,26.32,-1382.04,0.22
15,60.0,1.0,1.2,2.0,INFY,30,26.67,-1103.24,0.3415
15,60.0,1.0,1.2,2.0,HDFCBANK,40,22.5,-1597.31,0.209
15,60.0,1.0,1.2,2.0,ICICIBANK,29,27.59,-1018.38,0.2544
15,60.0,1.0,1.2,2.0,SBIN,46,30.43,-1590.72,0.2971
15,60.0,1.0,1.2,2.0,LT,42,30.95,-1218.25,0.373
15,60.0,1.0,1.2,2.0,AXISBANK,36,41.67,-599.12,0.6231
15,60.0,1.0,1.2,2.0,ITC,54,14.81,-2929.76,0.0719
15,60.0,1.0,1.2,2.0,BHARTIARTL,38,21.05,-1675.18,0.2018
15,60.0,1.0,1.2,2.5,RELIANCE,52,30.77,-1128.68,0.5162
15,60.0,1.0,1.2,2.5,TCS,38,21.05,-1578.2,0.1827
15,60.0,1.0,1.2,2.5,INFY,30,13.33,-1620.3,0.1774
15,60.0,1.0,1.2,2.5,HDFCBANK,40,15.0,-1772.45,0.1826
15,60.0,1.0,1.2,2.5,ICICIBANK,29,27.59,-868.32,0.3642
15,60.0,1.0,1.2,2.5,SBIN,46,23.91,-1806.36,0.2422
15,60.0,1.0,1.2,2.5,LT,42,28.57,-1088.91,0.4586
15,60.0,1.0,1.2,2.5,AXISBANK,36,36.11,-504.48,0.6988
15,60.0,1.0,1.2,2.5,ITC,54,12.96,-2922.62,0.0923
15,60.0,1.0,1.2,2.5,BHARTIARTL,38,21.05,-1548.82,0.262
15,60.0,1.0,1.2,3.0,RELIANCE,52,28.85,-1018.97,0.5648
15,60.0,1.0,1.2,3.0,TCS,38,21.05,-1468.85,0.2394
15,60.0,1.0,1.2,3.0,INFY,30,13.33,-1531.16,0.2244
15,60.0,1.0,1.2,3.0,HDFCBANK,40,15.0,-1666.37,0.2315
15,60.0,1.0,1.2,3.0,ICICIBANK,29,20.69,-1073.7,0.29
15,60.0,1.0,1.2,3.0,SBIN,46,19.57,-1956.31,0.2169
15,60.0,1.0,1.2,3.0,LT,42,26.19,-1002.26,0.5159
15,60.0,1.0,1.2,3.0,AXISBANK,36,30.56,-616.17,0.6437
15,60.0,1.0,1.2,3.0,ITC,54,12.96,-2880.0,0.1056
15,60.0,1.0,1.2,3.0,BHARTIARTL,38,21.05,-1462.1,0.3033
15,60.0,1.5,1.0,2.0,RELIANCE,26,34.62,-729.82,0.2839
15,60.0,1.5,1.0,2.0,TCS,27,29.63,-833.21,0.2063
15,60.0,1.5,1.0,2.0,INFY,14,35.71,-373.28,0.3891
15,60.0,1.5,1.0,2.0,HDFCBANK,24,20.83,-905.33,0.1908
15,60.0,1.5,1.0,2.0,ICICIBANK,20,20.0,-814.91,0.1404
15,60.0,1.5,1.0,2.0,SBIN,31,22.58,-1402.55,0.1236
15,60.0,1.5,1.0,2.0,LT,22,13.64,-1071.03,0.1083
15,60.0,1.5,1.0,2.0,AXISBANK,19,42.11,-281.28,0.6348
15,60.0,1.5,1.0,2.0,ITC,38,7.89,-2056.84,0.0316
15,60.0,1.5,1.0,2.0,BHARTIARTL,22,9.09,-1142.91,0.0723
15,60.0,1.5,1.0,2.5,RELIANCE,26,30.77,-666.78,0.3778
15,60.0,1.5,1.0,2.5,TCS,27,25.93,-857.1,0.2325
15,60.0,1.5,1.0,2.5,INFY,14,28.57,-435.37,0.3653
15,60.0,1.5,1.0,2.5,HDFCBANK,24,16.67,-949.09,0.2013
15,60.0,1.5,1.0,2.5,ICICIBANK,20,20.0,-751.54,0.2072
15,60.0,1.5,1.0,2.5,SBIN,31,22.58,-1309.86,0.1815
15,60.0,1.5,1.0,2.5,LT,22,9.09,-1145.18,0.0961
15,60.0,1.5,1.0,2.5,AXISBANK,19,36.84,-292.37,0.6583
15,60.0,1.5,1.0,2.5,ITC,38,7.89,-2017.04,0.0504
15,60.0,1.5,1.0,2.5,BHARTIARTL,22,9.09,-1105.99,0.1022
15,60.0,1.5,1.0,3.0,RELIANCE,26,30.77,-537.7,0.4982
15,60.0,1.5,1.0,3.0,TCS,27,22.22,-938.51,0.2102
15,60.0,1.5,1.0,3.0,INFY,14,21.43,-545.46,0.2846
15,60.0,1.5,1.0,3.0,HDFCBANK,24,12.5,-1037.78,0.175
15,60.0,1.5,1.0,3.0,ICICIBANK,20,20.0,-692.42,0.2728
15,60.0,1.5,1.0,3.0,SBIN,31,22.58,-1217.18,0.2394
15,60.0,1.5,1.0,3.0,LT,22,9.09,-1109.6,0.1242
15,60.0,1.5,1.0,3.0,AXISBANK,19,31.58,-271.58,0.6908
15,60.0,1.5,1.0,3.0,ITC,38,5.26,-2080.44,0.0458
15,60.0,1.5,1.0,3.0,BHARTIARTL,22,9.09,-1107.92,0.1007
15,60.0,1.5,1.2,2.0,RELIANCE,26,30.77,-753.62,0.3347
15,60.0,1.5,1.2,2.0,TCS,27,29.63,-885.44,0.2409
15,60.0,1.5,1.2,2.0,INFY,14,35.71,-363.99,0.4642
15,60.0,1.5,1.2,2.0,HDFCBANK,24,25.0,-857.91,0.2685
15,60.0,1.5,1.2,2.0,ICICIBANK,20,25.0,-784.64,0.2049
15,60.0,1.5,1.2,2.0,SBIN,31,29.03,-1289.27,0.2152
15,60.0,1.5,1.2,2.0,LT,22,13.64,-1197.02,0.1109
15,60.0,1.5,1.2,2.0,AXISBANK,19,47.37,-106.49,0.8653
15,60.0,1.5,1.2,2.0,ITC,38,18.42,-1910.79,0.092
15,60.0,1.5,1.2,2.0,BHARTIARTL,22,18.18,-979.82,0.1917
15,60.0,1.5,1.2,2.5,RELIANCE,26,30.77,-598.75,0.4714
15,60.0,1.5,1.2,2.5,TCS,27,25.93,-941.37,0.2447
15,60.0,1.5,1.2,2.5,INFY,14,21.43,-632.08,0.2555
15,60.0,1.5,1.2,2.5,HDFCBANK,24,20.83,-896.16,0.2831
15,60.0,1.5,1.2,2.5,ICICIBANK,20,25.0,-696.32,0.2944
15,60.0,1.5,1.2,2.5,SBIN,31,29.03,-1142.39,0.3046
15,60.0,1.5,1.2,2.5,LT,22,13.64,-1138.53,0.1544
15,60.0,1.5,1.2,2.5,AXISBANK,19,42.11,-1.35,0.9983
15,60.0,1.5,1.2,2.5,ITC,38,15.79,-1917.25,0.1147
15,60.0,1.5,1.2,2.5,BHARTIARTL,22,18.18,-930.9,0.232
15,60.0,1.5,1.2,3.0,RELIANCE,26,30.77,-443.85,0.6081
15,60.0,1.5,1.2,3.0,TCS,27,25.93,-847.24,0.3202
15,60.0,1.5,1.2,3.0,INFY,14,21.43,-570.6,0.3279
15,60.0,1.5,1.2,3.0,HDFCBANK,24,16.67,-962.76,0.2703
15,60.0,1.5,1.2,3.0,ICICIBANK,20,20.0,-748.26,0.2908
15,60.0,1.5,1.2,3.0,SBIN,31,22.58,-1245.58,0.2911
15,60.0,1.5,1.2,3.0,LT,22,13.64,-1080.02,0.1978
15,60.0,1.5,1.2,3.0,AXISBANK,19,31.58,-178.84,0.793
15,60.0,1.5,1.2,3.0,ITC,38,15.79,-1890.92,0.1269
15,60.0,1.5,1.2,3.0,BHARTIARTL,22,18.18,-865.37,0.2861
20,50.0,1.0,1.0,2.0,RELIANCE,30,33.33,-831.64,0.2907
20,50.0,1.0,1.0,2.0,TCS,26,26.92,-950.04,0.1402
20,50.0,1.0,1.0,2.0,INFY,18,16.67,-868.93,0.1598
20,50.0,1.0,1.0,2.0,HDFCBANK,27,18.52,-1048.03,0.1726
20,50.0,1.0,1.0,2.0,ICICIBANK,21,19.05,-820.55,0.1567
20,50.0,1.0,1.0,2.0,SBIN,27,18.52,-1323.05,0.0988
20,50.0,1.0,1.0,2.0,LT,23,30.43,-585.39,0.3921
20,50.0,1.0,1.0,2.0,AXISBANK,25,28.0,-883.06,0.269
20,50.0,1.0,1.0,2.0,ITC,36,8.33,-2009.58,0.0337
20,50.0,1.0,1.0,2.0,BHARTIARTL,28,14.29,-1444.53,0.1052
20,50.0,1.0,1.0,2.5,RELIANCE,30,26.67,-881.26,0.3192
20,50.0,1.0,1.0,2.5,TCS,26,26.92,-869.28,0.2133
20,50.0,1.0,1.0,2.5,INFY,18,16.67,-805.01,0.2216
20,50.0,1.0,1.0,2.5,HDFCBANK,27,14.81,-1090.43,0.184
20,50.0,1.0,1.0,2.5,ICICIBANK,21,14.29,-896.71,0.1415
20,50.0,1.0,1.0,2.5,SBIN,27,14.81,-1350.68,0.1148
20,50.0,1.0,1.0,2.5,LT,23,26.09,-534.23,0.4744
20,50.0,1.0,1.0,2.5,AXISBANK,25,28.0,-748.51,0.3804
20,50.0,1.0,1.0,2.5,ITC,36,5.56,-2095.93,0.0237
20,50.0,1.0,1.0,2.5,BHARTIARTL,28,14.29,-1372.35,0.1499
20,50.0,1.0,1.0,3.0,RELIANCE,30,23.33,-850.11,0.37
20,50.0,1.0,1.0,3.0,TCS,26,23.08,-955.25,0.1881
20,50.0,1.0,1.0,3.0,INFY,18,11.11,-965.98,0.1378
20,50.0,1.0,1.0,3.0,HDFCBANK,27,11.11,-1177.77,0.1622
20,50.0,1.0,1.0,3.0,ICICIBANK,21,14.29,-849.22,0.187
20,50.0,1.0,1.0,3.0,SBIN,27,11.11,-1433.68,0.0987
20,50.0,1.0,1.0,3.0,LT,23,21.74,-660.04,0.3877
20,50.0,1.0,1.0,3.0,AXISBANK,25,28.0,-613.98,0.4918
20,50.0,1.0,1.0,3.0,ITC,36,2.78,-2175.7,0.0119
20,50.0,1.0,1.0,3.0,BHARTIARTL,28,14.29,-1339.01,0.1705
20,50.0,1.0,1.2,2.0,RELIANCE,30,26.67,-1033.55,0.2724
20,50.0,1.0,1.2,2.0,TCS,26,26.92,-999.01,0.1802
20,50.0,1.0,1.2,2.0,INFY,18,16.67,-934.74,0.188
20,50.0,1.0,1.2,2.0,HDFCBANK,27,25.93,-902.03,0.2881
20,50.0,1.0,1.2,2.0,ICICIBANK,21,19.05,-933.82,0.1437
20,50.0,1.0,1.2,2.0,SBIN,27,14.81,-1451.42,0.1012
20,50.0,1.0,1.2,2.0,LT,23,30.43,-574.16,0.4608
20,50.0,1.0,1.2,2.0,AXISBANK,25,32.0,-795.12,0.3758
20,50.0,1.0,1.2,2.0,ITC,36,8.33,-2247.08,0.0282
20,50.0,1.0,1.2,2.0,BHARTIARTL,28,17.86,-1371.55,0.1747
20,50.0,1.0,1.2,2.5,RELIANCE,30,23.33,-981.2,0.3373
20,50.0,1.0,1.2,2.5,TCS,26,23.08,-1077.17,0.1704
20,50.0,1.0,1.2,2.5,INFY,18,11.11,-1055.78,0.1276
20,50.0,1.0,1.2,2.5,HDFCBANK,27,18.52,-1048.32,0.2566
20,50.0,1.0,1.2,2.5,ICICIBANK,21,19.05,-864.53,0.2072
20,50.0,1.0,1.2,2.5,SBIN,27,11.11,-1529.72,0.0931
20,50.0,1.0,1.2,2.5,LT,23,26.09,-664.85,0.4133
20,50.0,1.0,1.2,2.5,AXISBANK,25,32.0,-614.83,0.5173
20,50.0,1.0,1.2,2.5,ITC,36,5.56,-2316.38,0.0241
20,50.0,1.0,1.2,2.5,BHARTIARTL,28,17.86,-1300.55,0.2174
20,50.0,1.0,1.2,3.0,RELIANCE,30,23.33,-838.86,0.4334
20,50.0,1.0,1.2,3.0,TCS,26,23.08,-1005.26,0.2258
20,50.0,1.0,1.2,3.0,INFY,18,11.11,-1012.8,0.1631
20,50.0,1.0,1.2,3.0,HDFCBANK,27,14.81,-1113.29,0.2475
20,50.0,1.0,1.2,3.0,ICICIBANK,21,19.05,-795.24,0.2708
20,50.0,1.0,1.2,3.0,SBIN,27,11.11,-1480.18,0.1225
20,50.0,1.0,1.2,3.0,LT,23,26.09,-546.99,0.5173
20,50.0,1.0,1.2,3.0,AXISBANK,25,24.0,-737.56,0.443
20,50.0,1.0,1.2,3.0,ITC,36,5.56,-2328.77,0.0189
20,50.0,1.0,1.2,3.0,BHARTIARTL,28,14.29,-1401.49,0.1945
20,50.0,1.5,1.0,2.0,RELIANCE,17,23.53,-645.21,0.1597
20,50.0,1.5,1.0,2.0,TCS,16,31.25,-495.71,0.1901
20,50.0,1.5,1.0,2.0,INFY,9,11.11,-518.47,0.058
20,50.0,1.5,1.0,2.0,HDFCBANK,21,23.81,-718.74,0.237
20,50.0,1.5,1.0,2.0,ICICIBANK,14,14.29,-610.56,0.118
20,50.0,1.5,1.0,2.0,SBIN,15,0.0,-995.94,0.0
20,50.0,1.5,1.0,2.0,LT,10,20.0,-335.38,0.2954
20,50.0,1.5,1.0,2.0,AXISBANK,10,40.0,-191.6,0.5096
20,50.0,1.5,1.0,2.0,ITC,29,10.34,-1595.79,0.0187
20,50.0,1.5,1.0,2.0,BHARTIARTL,15,20.0,-606.19,0.184
20,50.0,1.5,1.0,2.5,RELIANCE,17,17.65,-661.33,0.1937
20,50.0,1.5,1.0,2.5,TCS,16,31.25,-439.03,0.2827
20,50.0,1.5,1.0,2.5,INFY,9,11.11,-503.03,0.086
20,50.0,1.5,1.0,2.5,HDFCBANK,21,19.05,-754.25,0.2501
20,50.0,1.5,1.0,2.5,ICICIBANK,14,14.29,-575.25,0.169
20,50.0,1.5,1.0,2.5,SBIN,15,0.0,-995.94,0.0
20,50.0,1.5,1.0,2.5,LT,10,20.0,-286.37,0.3984
20,50.0,1.5,1.0,2.5,AXISBANK,10,40.0,-115.42,0.7076
20,50.0,1.5,1.0,2.5,ITC,29,10.34,-1565.3,0.0374
20,50.0,1.5,1.0,2.5,BHARTIARTL,15,20.0,-549.63,0.2601
20,50.0,1.5,1.0,3.0,RELIANCE,17,17.65,-611.42,0.2546
20,50.0,1.5,1.0,3.0,TCS,16,25.0,-549.08,0.1968
20,50.0,1.5,1.0,3.0,INFY,9,11.11,-487.59,0.1141
20,50.0,1.5,1.0,3.0,HDFCBANK,21,14.29,-840.43,0.2185
20,50.0,1.5,1.0,3.0,ICICIBANK,14,14.29,-539.95,0.22
20,50.0,1.5,1.0,3.0,SBIN,15,0.0,-995.94,0.0
20,50.0,1.5,1.0,3.0,LT,10,20.0,-357.59,0.2487
20,50.0,1.5,1.0,3.0,AXISBANK,10,40.0,-35.22,0.9108
20,50.0,1.5,1.0,3.0,ITC,29,6.9,-1638.0,0.0264
20,50.0,1.5,1.0,3.0,BHARTIARTL,15,20.0,-531.92,0.284
20,50.0,1.5,1.2,2.0,RELIANCE,17,17.65,-751.07,0.1655
20,50.0,1.5,1.2,2.0,TCS,16,31.25,-510.8,0.2404
20,50.0,1.5,1.2,2.0,INFY,9,11.11,-568.14,0.0723
20,50.0,1.5,1.2,2.0,HDFCBANK,21,28.57,-651.0,0.3342
20,50.0,1.5,1.2,2.0,ICICIBANK,14,21.43,-575.25,0.1824
20,50.0,1.5,1.2,2.0,SBIN,15,6.67,-1023.72,0.0223
20,50.0,1.5,1.2,2.0,LT,10,30.0,-250.86,0.461
20,50.0,1.5,1.2,2.0,AXISBANK,10,50.0,-56.22,0.8462
20,50.0,1.5,1.2,2.0,ITC,29,13.79,-1662.56,0.0426
20,50.0,1.5,1.2,2.0,BHARTIARTL,15,26.67,-499.13,0.329
20,50.0,1.5,1.2,2.5,RELIANCE,17,17.65,-691.17,0.232
20,50.0,1.5,1.2,2.5,TCS,16,25.0,-617.85,0.1788
20,50.0,1.5,1.2,2.5,INFY,9,11.11,-549.61,0.1025
20,50.0,1.5,1.2,2.5,HDFCBANK,21,23.81,-679.98,0.3516
20,50.0,1.5,1.2,2.5,ICICIBANK,14,21.43,-520.58,0.2601
20,50.0,1.5,1.2,2.5,SBIN,15,6.67,-1010.38,0.0351
20,50.0,1.5,1.2,2.5,LT,10,30.0,-296.48,0.363
20,50.0,1.5,1.2,2.5,AXISBANK,10,50.0,63.2,1.1729
20,50.0,1.5,1.2,2.5,ITC,29,10.34,-1721.84,0.0423
20,50.0,1.5,1.2,2.5,BHARTIARTL,15,26.67,-446.88,0.3993
20,50.0,1.5,1.2,3.0,RELIANCE,17,17.65,-631.28,0.2986
20,50.0,1.5,1.2,3.0,TCS,16,25.0,-574.84,0.236
20,50.0,1.5,1.2,3.0,INFY,9,11.11,-531.08,0.1328
20,50.0,1.5,1.2,3.0,HDFCBANK,21,14.29,-943.85,0.1862
20,50.0,1.5,1.2,3.0,ICICIBANK,14,21.43,-465.92,0.3378
20,50.0,1.5,1.2,3.0,SBIN,15,6.67,-997.04,0.0478
20,50.0,1.5,1.2,3.0,LT,10,30.0,-256.13,0.4497
20,50.0,1.5,1.2,3.0,AXISBANK,10,30.0,-105.41,0.7466
20,50.0,1.5,1.2,3.0,ITC,29,10.34,-1724.96,0.0406
20,50.0,1.5,1.2,3.0,BHARTIARTL,15,20.0,-566.57,0.3107
20,55.0,1.0,1.0,2.0,RELIANCE,30,33.33,-831.64,0.2907
20,55.0,1.0,1.0,2.0,TCS,26,26.92,-950.04,0.1402
20,55.0,1.0,1.0,2.0,INFY,18,16.67,-868.93,0.1598
20,55.0,1.0,1.0,2.0,HDFCBANK,27,18.52,-1048.03,0.1726
20,55.0,1.0,1.0,2.0,ICICIBANK,21,19.05,-820.55,0.1567
20,55.0,1.0,1.0,2.0,SBIN,27,18.52,-1323.05,0.0988
20,55.0,1.0,1.0,2.0,LT,23,26.09,-757.08,0.2783
20,55.0,1.0,1.0,2.0,AXISBANK,25,28.0,-883.06,0.269
20,55.0,1.0,1.0,2.0,ITC,36,8.33,-2009.58,0.0337
20,55.0,1.0,1.0,2.0,BHARTIARTL,27,14.81,-1360.0,0.111
20,55.0,1.0,1.0,2.5,RELIANCE,30,26.67,-881.26,0.3192
20,55.0,1.0,1.0,2.5,TCS,26,26.92,-869.28,0.2133
20,55.0,1.0,1.0,2.5,INFY,18,16.67,-805.01,0.2216
20,55.0,1.0,1.0,2.5,HDFCBANK,27,14.81,-1090.43,0.184
20,55.0,1.0,1.0,2.5,ICICIBANK,21,14.29,-896.71,0.1415
20,55.0,1.0,1.0,2.5,SBIN,27,14.81,-1350.68,0.1148
20,55.0,1.0,1.0,2.5,LT,23,21.74,-734.47,0.3338
20,55.0,1.0,1.0,2.5,AXISBANK,25,28.0,-748.51,0.3804
20,55.0,1.0,1.0,2.5,ITC,36,5.56,-2095.93,0.0237
20,55.0,1.0,1.0,2.5,BHARTIARTL,27,14.81,-1287.81,0.1582
20,55.0,1.0,1.0,3.0,RELIANCE,30,23.33,-850.11,0.37
20,55.0,1.0,1.0,3.0,TCS,26,23.08,-955.25,0.1881
20,55.0,1.0,1.0,3.0,INFY,18,11.11,-965.98,0.1378
20,55.0,1.0,1.0,3.0,HDFCBANK,27,11.11,-1177.77,0.1622
20,55.0,1.0,1.0,3.0,ICICIBANK,21,14.29,-849.22,0.187
20,55.0,1.0,1.0,3.0,SBIN,27,11.11,-1433.68,0.0987
20,55.0,1.0,1.0,3.0,LT,23,17.39,-768.61,0.3396
20,55.0,1.0,1.0,3.0,AXISBANK,25,28.0,-613.98,0.4918
20,55.0,1.0,1.0,3.0,ITC,36,2.78,-2175.7,0.0119
20,55.0,1.0,1.0,3.0,BHARTIARTL,27,14.81,-1254.48,0.18
20,55.0,1.0,1.2,2.0,RELIANCE,30,26.67,-1033.55,0.2724
20,55.0,1.0,1.2,2.0,TCS,26,26.92,-999.01,0.1802
20,55.0,1.0,1.2,2.0,INFY,18,16.67,-934.74,0.188
20,55.0,1.0,1.2,2.0,HDFCBANK,27,25.93,-902.03,0.2881
20,55.0,1.0,1.2,2.0,ICICIBANK,21,19.05,-933.82,0.1437
20,55.0,1.0,1.2,2.0,SBIN,27,14.81,-1451.42,0.1012
20,55.0,1.0,1.2,2.0,LT,23,26.09,-780.19,0.3289
20,55.0,1.0,1.2,2.0,AXISBANK,25,32.0,-795.12,0.3758
20,55.0,1.0,1.2,2.0,ITC,36,8.33,-2247.08,0.0282
20,55.0,1.0,1.2,2.0,BHARTIARTL,27,18.52,-1276.12,0.1854
20,55.0,1.0,1.2,2.5,RELIANCE,30,23.33,-981.2,0.3373
20,55.0,1.0,1.2,2.5,TCS,26,23.08,-1077.17,0.1704
20,55.0,1.0,1.2,2.5,INFY,18,11.11,-1055.78,0.1276
20,55.0,1.0,1.2,2.5,HDFCBANK,27,18.52,-1048.32,0.2566
20,55.0,1.0,1.2,2.5,ICICIBANK,21,19.05,-864.53,0.2072
20,55.0,1.0,1.2,2.5,SBIN,27,11.11,-1529.72,0.0931
20,55.0,1.0,1.2,2.5,LT,23,21.74,-784.92,0.3623
20,55.0,1.0,1.2,2.5,AXISBANK,25,32.0,-614.83,0.5173
20,55.0,1.0,1.2,2.5,ITC,36,5.56,-2316.38,0.0241
20,55.0,1.0,1.2,2.5,BHARTIARTL,27,18.52,-1205.11,0.2307
20,55.0,1.0,1.2,3.0,RELIANCE,30,23.33,-838.86,0.4334
20,55.0,1.0,1.2,3.0,TCS,26,23.08,-1005.26,0.2258
20,55.0,1.0,1.2,3.0,INFY,18,11.11,-1012.8,0.1631
20,55.0,1.0,1.2,3.0,HDFCBANK,27,14.81,-1113.29,0.2475
20,55.0,1.0,1.2,3.0,ICICIBANK,21,19.05,-795.24,0.2708
20,55.0,1.0,1.2,3.0,SBIN,27,11.11,-1480.18,0.1225
20,55.0,1.0,1.2,3.0,LT,23,21.74,-667.06,0.458
20,55.0,1.0,1.2,3.0,AXISBANK,25,24.0,-737.56,0.443
20,55.0,1.0,1.2,3.0,ITC,36,5.56,-2328.77,0.0189
20,55.0,1.0,1.2,3.0,BHARTIARTL,27,14.81,-1306.06,0.2058
20,55.0,1.5,1.0,2.0,RELIANCE,17,23.53,-645.21,0.1597
20,55.0,1.5,1.0,2.0,TCS,16,31.25,-495.71,0.1901
20,55.0,1.5,1.0,2.0,INFY,9,11.11,-518.47,0.058
20,55.0,1.5,1.0,2.0,HDFCBANK,21,23.81,-718.74,0.237
20,55.0,1.5,1.0,2.0,ICICIBANK,14,14.29,-610.56,0.118
20,55.0,1.5,1.0,2.0,SBIN,15,0.0,-995.94,0.0
20,55.0,1.5,1.0,2.0,LT,10,10.0,-507.07,0.0978
20,55.0,1.5,1.0,2.0,AXISBANK,10,40.0,-191.6,0.5096
20,55.0,1.5,1.0,2.0,ITC,29,10.34,-1595.79,0.0187
20,55.0,1.5,1.0,2.0,BHARTIARTL,15,20.0,-606.19,0.184
20,55.0,1.5,1.0,2.5,RELIANCE,17,17.65,-661.33,0.1937
20,55.0,1.5,1.0,2.5,TCS,16,31.25,-439.03,0.2827
20,55.0,1.5,1.0,2.5,INFY,9,11.11,-503.03,0.086
20,55.0,1.5,1.0,2.5,HDFCBANK,21,19.05,-754.25,0.2501
20,55.0,1.5,1.0,2.5,ICICIBANK,14,14.29,-575.25,0.169
20,55.0,1.5,1.0,2.5,SBIN,15,0.0,-995.94,0.0
20,55.0,1.5,1.0,2.5,LT,10,10.0,-486.61,0.1342
20,55.0,1.5,1.0,2.5,AXISBANK,10,40.0,-115.42,0.7076
20,55.0,1.5,1.0,2.5,ITC,29,10.34,-1565.3,0.0374
20,55.0,1.5,1.0,2.5,BHARTIARTL,15,20.0,-549.63,0.2601
20,55.0,1.5,1.0,3.0,RELIANCE,17,17.65,-611.42,0.2546
20,55.0,1.5,1.0,3.0,TCS,16,25.0,-549.08,0.1968
20,55.0,1.5,1.0,3.0,INFY,9,11.11,-487.59,0.1141
20,55.0,1.5,1.0,3.0,HDFCBANK,21,14.29,-840.43,0.2185
20,55.0,1.5,1.0,3.0,ICICIBANK,14,14.29,-539.95,0.22
20,55.0,1.5,1.0,3.0,SBIN,15,0.0,-995.94,0.0
20,55.0,1.5,1.0,3.0,LT,10,10.0,-466.16,0.1706
20,55.0,1.5,1.0,3.0,AXISBANK,10,40.0,-35.22,0.9108
20,55.0,1.5,1.0,3.0,ITC,29,6.9,-1638.0,0.0264
20,55.0,1.5,1.0,3.0,BHARTIARTL,15,20.0,-531.92,0.284
20,55.0,1.5,1.2,2.0,RELIANCE,17,17.65,-751.07,0.1655
20,55.0,1.5,1.2,2.0,TCS,16,31.25,-510.8,0.2404
20,55.0,1.5,1.2,2.0,INFY,9,11.11,-568.14,0.0723
20,55.0,1.5,1.2,2.0,HDFCBANK,21,28.57,-651.0,0.3342
20,55.0,1.5,1.2,2.0,ICICIBANK,14,21.43,-575.25,0.1824
20,55.0,1.5,1.2,2.0,SBIN,15,6.67,-1023.72,0.0223
20,55.0,1.5,1.2,2.0,LT,10,20.0,-456.88,0.1884
20,55.0,1.5,1.2,2.0,AXISBANK,10,50.0,-56.22,0.8462
20,55.0,1.5,1.2,2.0,ITC,29,13.79,-1662.56,0.0426
20,55.0,1.5,1.2,2.0,BHARTIARTL,15,26.67,-499.13,0.329
20,55.0,1.5,1.2,2.5,RELIANCE,17,17.65,-691.17,0.232
20,55.0,1.5,1.2,2.5,TCS,16,25.0,-617.85,0.1788
20,55.0,1.5,1.2,2.5,INFY,9,11.11,-549.61,0.1025
20,55.0,1.5,1.2,2.5,HDFCBANK,21,23.81,-679.98,0.3516
20,55.0,1.5,1.2,2.5,ICICIBANK,14,21.43,-520.58,0.2601
20,55.0,1.5,1.2,2.5,SBIN,15,6.67,-1010.38,0.0351
20,55.0,1.5,1.2,2.5,LT,10,20.0,-416.54,0.2601
20,55.0,1.5,1.2,2.5,AXISBANK,10,50.0,63.2,1.1729
20,55.0,1.5,1.2,2.5,ITC,29,10.34,-1721.84,0.0423
20,55.0,1.5,1.2,2.5,BHARTIARTL,15,26.67,-446.88,0.3993
20,55.0,1.5,1.2,3.0,RELIANCE,17,17.65,-631.28,0.2986
20,55.0,1.5,1.2,3.0,TCS,16,25.0,-574.84,0.236
20,55.0,1.5,1.2,3.0,INFY,9,11.11,-531.08,0.1328
20,55.0,1.5,1.2,3.0,HDFCBANK,21,14.29,-943.85,0.1862
20,55.0,1.5,1.2,3.0,ICICIBANK,14,21.43,-465.92,0.3378
20,55.0,1.5,1.2,3.0,SBIN,15,6.67,-997.04,0.0478
20,55.0,1.5,1.2,3.0,LT,10,20.0,-376.2,0.3318
20,55.0,1.5,1.2,3.0,AXISBANK,10,30.0,-105.41,0.7466
20,55.0,1.5,1.2,3.0,ITC,29,10.34,-1724.96,0.0406
20,55.0,1.5,1.2,3.0,BHARTIARTL,15,20.0,-566.57,0.3107
20,60.0,1.0,1.0,2.0,RELIANCE,30,33.33,-831.64,0.2907
20,60.0,1.0,1.0,2.0,TCS,26,26.92,-950.04,0.1402
20,60.0,1.0,1.0,2.0,INFY,18,16.67,-868.93,0.1598
20,60.0,1.0,1.0,2.0,HDFCBANK,27,18.52,-1048.03,0.1726
20,60.0,1.0,1.0,2.0,ICICIBANK,20,20.0,-765.42,0.1661
20,60.0,1.0,1.0,2.0,SBIN,26,19.23,-1250.77,0.1039
20,60.0,1.0,1.0,2.0,LT,22,27.27,-671.05,0.3031
20,60.0,1.0,1.0,2.0,AXISBANK,25,28.0,-883.06,0.269
20,60.0,1.0,1.0,2.0,ITC,36,8.33,-2009.58,0.0337
20,60.0,1.0,1.0,2.0,BHARTIARTL,26,15.38,-1294.7,0.1159
20,60.0,1.0,1.0,2.5,RELIANCE,30,26.67,-881.26,0.3192
20,60.0,1.0,1.0,2.5,TCS,26,26.92,-869.28,0.2133
20,60.0,1.0,1.0,2.5,INFY,18,16.67,-805.01,0.2216
20,60.0,1.0,1.0,2.5,HDFCBANK,27,14.81,-1090.43,0.184
20,60.0,1.0,1.0,2.5,ICICIBANK,20,15.0,-841.58,0.1494
20,60.0,1.0,1.0,2.5,SBIN,26,15.38,-1275.43,0.1226
20,60.0,1.0,1.0,2.5,LT,22,22.73,-648.44,0.362
20,60.0,1.0,1.0,2.5,AXISBANK,25,28.0,-748.51,0.3804
20,60.0,1.0,1.0,2.5,ITC,36,5.56,-2095.93,0.0237
20,60.0,1.0,1.0,2.5,BHARTIARTL,26,15.38,-1222.52,0.1652
20,60.0,1.0,1.0,3.0,RELIANCE,30,23.33,-850.11,0.37
20,60.0,1.0,1.0,3.0,TCS,26,23.08,-955.25,0.1881
20,60.0,1.0,1.0,3.0,INFY,18,11.11,-965.98,0.1378
20,60.0,1.0,1.0,3.0,HDFCBANK,27,11.11,-1177.77,0.1622
20,60.0,1.0,1.0,3.0,ICICIBANK,20,15.0,-794.09,0.1974
20,60.0,1.0,1.0,3.0,SBIN,26,11.54,-1364.65,0.1032
20,60.0,1.0,1.0,3.0,LT,22,18.18,-682.58,0.3668
20,60.0,1.0,1.0,3.0,AXISBANK,25,28.0,-613.98,0.4918
20,60.0,1.0,1.0,3.0,ITC,36,2.78,-2175.7,0.0119
20,60.0,1.0,1.0,3.0,BHARTIARTL,26,15.38,-1189.18,0.188
20,60.0,1.0,1.2,2.0,RELIANCE,30,26.67,-1033.55,0.2724
20,60.0,1.0,1.2,2.0,TCS,26,26.92,-999.01,0.1802
20,60.0,1.0,1.2,2.0,INFY,18,16.67,-934.74,0.188
20,60.0,1.0,1.2,2.0,HDFCBANK,27,25.93,-902.03,0.2881
20,60.0,1.0,1.2,2.0,ICICIBANK,20,20.0,-873.57,0.1521
20,60.0,1.0,1.2,2.0,SBIN,26,15.38,-1370.78,0.1065
20,60.0,1.0,1.2,2.0,LT,22,27.27,-682.66,0.359
20,60.0,1.0,1.2,2.0,AXISBANK,25,32.0,-795.12,0.3758
20,60.0,1.0,1.2,2.0,ITC,36,8.33,-2247.08,0.0282
20,60.0,1.0,1.2,2.0,BHARTIARTL,26,19.23,-1203.86,0.1943
20,60.0,1.0,1.2,2.5,RELIANCE,30,23.33,-981.2,0.3373
20,60.0,1.0,1.2,2.5,TCS,26,23.08,-1077.17,0.1704
20,60.0,1.0,1.2,2.5,INFY,18,11.11,-1055.78,0.1276
20,60.0,1.0,1.2,2.5,HDFCBANK,27,18.52,-1048.32,0.2566
20,60.0,1.0,1.2,2.5,ICICIBANK,20,20.0,-804.28,0.2194
20,60.0,1.0,1.2,2.5,SBIN,26,11.54,-1449.07,0.0978
20,60.0,1.0,1.2,2.5,LT,22,22.73,-687.39,0.3934
20,60.0,1.0,1.2,2.5,AXISBANK,25,32.0,-614.83,0.5173
20,60.0,1.0,1.2,2.5,ITC,36,5.56,-2316.38,0.0241
20,60.0,1.0,1.2,2.5,BHARTIARTL,26,19.23,-1132.86,0.2419
20,60.0,1.0,1.2,3.0,RELIANCE,30,23.33,-838.86,0.4334
20,60.0,1.0,1.2,3.0,TCS,26,23.08,-1005.26,0.2258
20,60.0,1.0,1.2,3.0,INFY,18,11.11,-1012.8,0.1631
20,60.0,1.0,1.2,3.0,HDFCBANK,27,14.81,-1113.29,0.2475
20,60.0,1.0,1.2,3.0,ICICIBANK,20,20.0,-734.99,0.2866
20,60.0,1.0,1.2,3.0,SBIN,26,11.54,-1403.13,0.1284
20,60.0,1.0,1.2,3.0,LT,22,22.73,-569.53,0.4974
20,60.0,1.0,1.2,3.0,AXISBANK,25,24.0,-737.56,0.443
20,60.0,1.0,1.2,3.0,ITC,36,5.56,-2328.77,0.0189
20,60.0,1.0,1.2,3.0,BHARTIARTL,26,15.38,-1233.8,0.2153
20,60.0,1.5,1.0,2.0,RELIANCE,17,23.53,-645.21,0.1597
20,60.0,1.5,1.0,2.0,TCS,16,31.25,-495.71,0.1901
20,60.0,1.5,1.0,2.0,INFY,9,11.11,-518.47,0.058
20,60.0,1.5,1.0,2.0,HDFCBANK,21,23.81,-718.74,0.237
20,60.0,1.5,1.0,2.0,ICICIBANK,13,15.38,-555.43,0.1282
20,60.0,1.5,1.0,2.0,SBIN,14,0.0,-923.66,0.0
20,60.0,1.5,1.0,2.0,LT,9,11.11,-421.04,0.1154
20,60.0,1.5,1.0,2.0,AXISBANK,10,40.0,-191.6,0.5096
20,60.0,1.5,1.0,2.0,ITC,29,10.34,-1595.79,0.0187
20,60.0,1.5,1.0,2.0,BHARTIARTL,15,20.0,-606.19,0.184
20,60.0,1.5,1.0,2.5,RELIANCE,17,17.65,-661.33,0.1937
20,60.0,1.5,1.0,2.5,TCS,16,31.25,-439.03,0.2827
20,60.0,1.5,1.0,2.5,INFY,9,11.11,-503.03,0.086
20,60.0,1.5,1.0,2.5,HDFCBANK,21,19.05,-754.25,0.2501
20,60.0,1.5,1.0,2.5,ICICIBANK,13,15.38,-520.11,0.1837
20,60.0,1.5,1.0,2.5,SBIN,14,0.0,-923.66,0.0
20,60.0,1.5,1.0,2.5,LT,9,11.11,-400.58,0.1584
20,60.0,1.5,1.0,2.5,AXISBANK,10,40.0,-115.42,0.7076
20,60.0,1.5,1.0,2.5,ITC,29,10.34,-1565.3,0.0374
20,60.0,1.5,1.0,2.5,BHARTIARTL,15,20.0,-549.63,0.2601
20,60.0,1.5,1.0,3.0,RELIANCE,17,17.65,-611.42,0.2546
20,60.0,1.5,1.0,3.0,TCS,16,25.0,-549.08,0.1968
20,60.0,1.5,1.0,3.0,INFY,9,11.11,-487.59,0.1141
20,60.0,1.5,1.0,3.0,HDFCBANK,21,14.29,-840.43,0.2185
20,60.0,1.5,1.0,3.0,ICICIBANK,13,15.38,-484.81,0.2391
20,60.0,1.5,1.0,3.0,SBIN,14,0.0,-923.66,0.0
20,60.0,1.5,1.0,3.0,LT,9,11.11,-380.13,0.2014
20,60.0,1.5,1.0,3.0,AXISBANK,10,40.0,-35.22,0.9108
20,60.0,1.5,1.0,3.0,ITC,29,6.9,-1638.0,0.0264
20,60.0,1.5,1.0,3.0,BHARTIARTL,15,20.0,-531.92,0.284
20,60.0,1.5,1.2,2.0,RELIANCE,17,17.65,-751.07,0.1655
20,60.0,1.5,1.2,2.0,TCS,16,31.25,-510.8,0.2404
20,60.0,1.5,1.2,2.0,INFY,9,11.11,-568.14,0.0723
20,60.0,1.5,1.2,2.0,HDFCBANK,21,28.57,-651.0,0.3342
20,60.0,1.5,1.2,2.0,ICICIBANK,13,23.08,-515.0,0.1995
20,60.0,1.5,1.2,2.0,SBIN,14,7.14,-943.07,0.0242
20,60.0,1.5,1.2,2.0,LT,9,22.22,-359.35,0.2279
20,60.0,1.5,1.2,2.0,AXISBANK,10,50.0,-56.22,0.8462
20,60.0,1.5,1.2,2.0,ITC,29,13.79,-1662.56,0.0426
20,60.0,1.5,1.2,2.0,BHARTIARTL,15,26.67,-499.13,0.329
20,60.0,1.5,1.2,2.5,RELIANCE,17,17.65,-691.17,0.232
20,60.0,1.5,1.2,2.5,TCS,16,25.0,-617.85,0.1788
20,60.0,1.5,1.2,2.5,INFY,9,11.11,-549.61,0.1025
20,60.0,1.5,1.2,2.5,HDFCBANK,21,23.81,-679.98,0.3516
20,60.0,1.5,1.2,2.5,ICICIBANK,13,23.08,-460.34,0.2845
20,60.0,1.5,1.2,2.5,SBIN,14,7.14,-929.73,0.038
20,60.0,1.5,1.2,2.5,LT,9,22.22,-319.02,0.3146
20,60.0,1.5,1.2,2.5,AXISBANK,10,50.0,63.2,1.1729
20,60.0,1.5,1.2,2.5,ITC,29,10.34,-1721.84,0.0423
20,60.0,1.5,1.2,2.5,BHARTIARTL,15,26.67,-446.88,0.3993
20,60.0,1.5,1.2,3.0,RELIANCE,17,17.65,-631.28,0.2986
20,60.0,1.5,1.2,3.0,TCS,16,25.0,-574.84,0.236
20,60.0,1.5,1.2,3.0,INFY,9,11.11,-531.08,0.1328
20,60.0,1.5,1.2,3.0,HDFCBANK,21,14.29,-943.85,0.1862
20,60.0,1.5,1.2,3.0,ICICIBANK,13,23.08,-409.81,0.3671
20,60.0,1.5,1.2,3.0,SBIN,14,7.14,-916.39,0.0518
20,60.0,1.5,1.2,3.0,LT,9,22.22,-278.67,0.4013
20,60.0,1.5,1.2,3.0,AXISBANK,10,30.0,-105.41,0.7466
20,60.0,1.5,1.2,3.0,ITC,29,10.34,-1724.96,0.0406
20,60.0,1.5,1.2,3.0,BHARTIARTL,15,20.0,-566.57,0.3107
